Rank,Unnamed: 1,Player Id,Slug,Player GSIS,Player College GSIS,Player Sportradar Id,Name,Conf,Team,#,POS,S,OFF,OFF%,Run,Pass,RBLK,PBLK,OFF GRD,PASS GRD,REC GRD,RUSH GRD,PBLK GRD,RBLK GRD,KEY,PEN,origin24%
,,157904,air-force-falcons,,386351,,Aiden Calvert,MW,AIR FORCE,28,HB,2024,120,0.001,19,26,74,1,60.6,,49.9,63.8,73.1,63.4,22,0-0,0.42
,,186417,air-force-falcons,,429399,,Alec Falk,MW,AIR FORCE,75,G,2024,513,0.0044,0,0,410,103,65.1,,,,66.1,63.2,124,0-0,0.42
,,86489,air-force-falcons,,394968,,Alex Moore,MW,AIR FORCE,76,T,2024,800,0.0068,0,0,625,175,72.6,,,,47.4,73.2,204,0-0,0.42
,,182300,air-force-falcons,,406548,,Anthony DeBerardino,MW,AIR FORCE,S45,LS,2024,1,0.0,0,0,1,0,60.0,,,,,60.0,0,0-0,0.42
,,173848,air-force-falcons,,406503,,Are'an Burr,MW,AIR FORCE,D54,LB,2024,1,0.0,0,0,1,0,60.0,,,,,60.0,1,0-0,0.42
,,157926,air-force-falcons,,386385,,Brandon Engel,MW,AIR FORCE,02,WR,2024,165,0.0014,0,41,124,0,62.1,91.7,50.7,,,71.3,21,0-0,0.42
,,173861,air-force-falcons,,406561,,Bruin Fleischmann,MW,AIR FORCE,88,TE,2024,700,0.0059,0,126,550,24,61.9,,58.8,,64.5,62.0,148,3-0,0.42
,,157896,air-force-falcons,,386414,,Cade Harris,MW,AIR FORCE,21,HB,2024,586,0.005,48,157,380,1,72.0,,67.2,77.2,65.5,66.3,119,1-0,0.42
,,186437,air-force-falcons,,434051,,Cade Palmer,MW,AIR FORCE,23,FB,2024,3,0.0,0,0,2,1,60.0,,,,0.0,60.0,1,0-0,0.42
,,157916,air-force-falcons,,391996,,Cameron Breier,MW,AIR FORCE,06,WR,2024,235,0.002,2,16,217,0,66.1,,52.4,60.5,,74.8,57,0-0,0.42
,,173853,air-force-falcons,,446962,,Cameron Collins,MW,AIR FORCE,77,T,2024,1,0.0,0,0,1,0,60.0,,,,,60.0,0,0-0,0.42
,,173863,air-force-falcons,,406585,,Christopher Frew,MW,AIR FORCE,08,HB,2024,261,0.0022,47,36,174,4,71.0,,54.9,73.8,76.7,60.6,36,0-0,0.42
,,173854,air-force-falcons,,406535,,Costen Cooley,MW,AIR FORCE,67,C,2024,714,0.0061,0,0,543,171,82.0,,,,59.4,81.1,178,0-0,0.42
,,173882,air-force-falcons,,406693,,Darius Stone,MW,AIR FORCE,34,HB,2024,3,0.0,3,0,0,0,48.3,,,53.0,,,0,0-0,0.42
,,173850,air-force-falcons,,406509,,Dylan Carson,MW,AIR FORCE,05,FB,2024,352,0.003,140,19,138,55,68.0,,53.8,69.9,67.7,45.5,87,0-0,0.42
,,173875,air-force-falcons,,406667,,Evan Rau,MW,AIR FORCE,29,WR,2024,21,0.0002,0,7,14,0,45.8,,31.9,,,50.7,3,0-0,0.42
,,173843,air-force-falcons,,406476,,Gabriel Averitt,MW,AIR FORCE,57,C,2024,10,0.0001,0,0,2,8,57.7,,,,29.8,60.0,1,0-0,0.42
,,186446,air-force-falcons,,0,,Gage Spencer,MW,AIR FORCE,63,T,2024,15,0.0001,0,0,8,7,58.0,,,,63.4,56.2,2,0-0,0.42
,,186447,air-force-falcons,,0,,Griffin Stalfort,MW,AIR FORCE,53,G,2024,1,0.0,0,0,1,0,60.0,,,,,60.0,0,0-0,0.42
,,173883,air-force-falcons,,406695,,Jace Sutulovich,MW,AIR FORCE,66,G,2024,169,0.0014,0,0,126,43,64.2,,,,60.4,63.3,38,0-0,0.42
,,173847,air-force-falcons,,434044,,Jack Burnett,MW,AIR FORCE,62,C,2024,113,0.001,0,0,103,10,79.5,,,,0.0,77.5,28,0-0,0.42
,,156008,air-force-falcons,,394614,,Jackson Kohal,MW,AIR FORCE,54,G,2024,182,0.0015,0,0,132,50,72.0,,,,61.6,71.7,52,0-0,0.42
,,157899,air-force-falcons,,381485,,Jake Martin,MW,AIR FORCE,D07,S,2024,1,0.0,0,0,1,0,60.0,,,,,60.0,0,0-0,0.42
,,169169,air-force-falcons,,394969,,Jared Roznos,MW,AIR FORCE,13,WR,2024,187,0.0016,0,45,142,0,54.7,,54.1,,,55.5,17,0-0,0.42
,,173849,air-force-falcons,,406506,,John Busha,MW,AIR FORCE,03,QB,2024,333,0.0028,67,97,169,0,59.0,53.3,,62.1,,60.1,86,0-0,0.42
,,186429,air-force-falcons,,434046,,Josh Johnson,MW,AIR FORCE,11,QB,2024,50,0.0004,11,20,19,0,48.8,47.9,,55.9,,60.0,20,0-0,0.42
,,173852,air-force-falcons,,406520,,Kaden Cloud,MW,AIR FORCE,27,HB,2024,71,0.0006,6,27,34,4,54.5,,52.4,51.7,76.3,63.5,4,0-0,0.42
,,157922,air-force-falcons,,387365,,Kale Gibbs,MW,AIR FORCE,30,HB,2024,2,0.0,0,0,1,1,60.0,,,,70.3,60.0,0,0-0,0.42
,,173872,air-force-falcons,,0,,Kaleb Killian,MW,AIR FORCE,17,HB,2024,7,0.0001,0,2,5,0,58.9,,58.6,,,58.6,0,0-0,0.42
,,186426,air-force-falcons,,431702,,Kemper Hodges,MW,AIR FORCE,14,FB,2024,79,0.0007,19,2,35,23,54.3,,58.7,59.1,41.7,49.8,21,0-0,0.42
,,157918,air-force-falcons,,385913,,Kendin Alexander,MW,AIR FORCE,04,WR,2024,22,0.0002,0,5,17,0,45.3,,45.4,,,56.1,3,0-0,0.42
,,169119,air-force-falcons,,391468,,Kurt Chesney,MW,AIR FORCE,S49,LS,2024,1,0.0,0,0,1,0,60.0,,,,,60.0,0,0-0,0.42
,,186411,air-force-falcons,,429396,,Kyle Chen,MW,AIR FORCE,D20,S,2024,1,0.0,0,0,1,0,60.0,,,,,60.0,0,0-0,0.42
,,197814,air-force-falcons,,0,,Liam Szarka,MW,AIR FORCE,09,WR,2024,1,0.0,0,0,1,0,60.0,,,,,60.0,0,0-0,0.42
,,73243,air-force-falcons,,423512,,Lincoln Tuioti-Mariner,MW,AIR FORCE,D23,S,2024,2,0.0,0,0,2,0,60.0,,,,,60.0,0,0-0,0.42
,,186418,air-force-falcons,,429400,,Luke Fisher,MW,AIR FORCE,D48,LB,2024,1,0.0,0,0,1,0,60.0,,,,,60.0,0,0-0,0.42
,,169503,air-force-falcons,,397821,,Luke Freer,MW,AIR FORCE,S97,P,2024,1,0.0,0,0,1,0,60.0,,,,,60.0,0,0-0,0.42
,,157906,air-force-falcons,,406616,,Michael McAninch,MW,AIR FORCE,71,G,2024,768,0.0065,0,0,604,164,74.0,,,,41.4,75.2,229,3-2,0.42
,,186416,air-force-falcons,,434045,,Nathan Elwood,MW,AIR FORCE,52,T,2024,51,0.0004,0,0,43,8,67.2,,,,78.0,64.1,15,0-0,0.42
,,186435,air-force-falcons,,431710,,Omari Murdock,MW,AIR FORCE,86,TE,2024,1,0.0,0,1,0,0,60.0,,60.0,,,,0,0-0,0.42
,,157917,air-force-falcons,,385911,,Osaro Aihie,MW,AIR FORCE,D08,LB,2024,1,0.0,0,0,1,0,60.0,,,,,60.0,1,0-0,0.42
,,127306,air-force-falcons,,429282,,Owen Allen,MW,AIR FORCE,22,HB,2024,145,0.0012,79,0,60,6,74.5,,,72.0,82.2,61.9,44,0-0,0.42
,,186410,air-force-falcons,,443119,,Owen Chambers,MW,AIR FORCE,20,WR,2024,10,0.0001,0,4,6,0,56.0,,57.9,,,54.2,2,0-0,0.42
,,173874,air-force-falcons,,406619,,Parker Menefee,MW,AIR FORCE,87,TE,2024,194,0.0016,0,26,154,14,45.4,,46.5,,75.0,48.6,34,0-0,0.42
,,168401,air-force-falcons,,406682,,Parker St. John,MW,AIR FORCE,89,WR,2024,6,0.0001,0,0,6,0,60.7,,,,,60.3,0,0-0,0.42
,,186423,air-force-falcons,,429410,,Quentin Hayes,MW,AIR FORCE,07,QB,2024,453,0.0038,116,71,266,0,85.1,64.8,89.9,80.9,,60.0,108,0-0,0.42
,,173880,air-force-falcons,,406679,,Quin Smith,MW,AIR FORCE,18,WR,2024,264,0.0022,0,67,197,0,68.4,,71.9,,,56.9,25,1-0,0.42
,,197615,air-force-falcons,,0,,Reign Broadway,MW,AIR FORCE,16,TE,2024,3,0.0,0,2,1,0,80.5,,73.9,,,60.0,1,0-0,0.42
,,186412,air-force-falcons,,431700,,Rocco Conti,MW,AIR FORCE,35,HB,2024,51,0.0004,8,16,27,0,53.5,,52.6,52.8,,63.3,7,0-0,0.42
,,186405,air-force-falcons,,431695,,Roman Bradley,MW,AIR FORCE,24,FB,2024,74,0.0006,21,3,31,19,56.3,,57.4,55.6,66.8,58.6,10,0-0,0.42
,,173862,air-force-falcons,,406565,,Samuel Floysand,MW,AIR FORCE,65,T,2024,197,0.0017,0,0,143,54,51.0,,,,51.8,52.8,61,1-0,0.42
,,190962,air-force-falcons,,429435,,Simon Kibbee,MW,AIR FORCE,80,TE,2024,25,0.0002,0,4,20,1,36.5,,56.3,,43.4,35.3,7,0-0,0.42
,,186448,air-force-falcons,,429541,,TJ Tarascio,MW,AIR FORCE,58,G,2024,34,0.0003,0,0,22,12,72.5,,,,54.2,73.9,12,0-0,0.42
,,173865,air-force-falcons,,429407,,Terrence Gist,MW,AIR FORCE,12,FB,2024,147,0.0012,40,10,57,40,58.5,,54.9,61.0,37.1,59.9,27,0-0,0.42
,,182290,air-force-falcons,,406671,,Tre Roberson,MW,AIR FORCE,10,WR,2024,139,0.0012,0,30,108,1,68.8,,69.6,,61.0,61.1,12,0-0,0.42
,,173885,air-force-falcons,,429543,,Trevor Tate,MW,AIR FORCE,78,T,2024,492,0.0042,0,0,391,101,67.4,,,,33.9,69.4,95,0-0,0.42
,,168404,air-force-falcons,,391473,,Trey Williams,MW,AIR FORCE,D00,CB,2024,1,0.0,0,0,1,0,60.0,,,,,60.0,0,0-0,0.42
,,186432,air-force-falcons,,429462,,Tyler Lawrence,MW,AIR FORCE,68,T,2024,137,0.0012,0,0,108,29,62.9,,,,27.8,65.9,44,2-0,0.42
,,182289,air-force-falcons,,406614,,Tylor Latham,MW,AIR FORCE,25,HB,2024,267,0.0023,22,52,178,15,64.4,,85.1,57.8,19.0,57.6,28,0-0,0.42
,,157196,boise-state-broncos,,387238,,Ashton Jeanty,MW,BOISE ST,02,HB,2024,798,0.0068,388,270,28,112,94.8,,54.4,96.6,46.6,58.1,255,1-0,0.86
,,128118,boise-state-broncos,,351452,,Austin Bolt,MW,BOISE ST,81,WR,2024,374,0.0032,0,139,235,0,66.4,,64.7,,,75.2,46,3-0,0.86
,,157198,boise-state-broncos,,415635,,Austin Terry,MW,BOISE ST,86,TE,2024,108,0.0009,0,27,77,4,54.6,,57.7,,69.9,52.8,25,1-0,0.86
,,101247,boise-state-broncos,,350854,,Ben Dooley,MW,BOISE ST,66,G,2024,915,0.0078,0,0,462,453,73.9,,,,72.8,72.3,219,2-1,0.86
,,145989,boise-state-broncos,,391092,,Ben Ford,MW,BOISE ST,82,WR,2024,68,0.0006,0,29,39,0,62.6,,62.5,,,60.5,4,0-0,0.86
,,157202,boise-state-broncos,,387227,,Braxton Fely,MW,BOISE ST,D90,DI,2024,9,0.0001,0,1,8,0,64.5,,59.7,,,64.6,3,0-0,0.86
,,156414,boise-state-broncos,,386271,,Cam Camper,MW,BOISE ST,09,WR,2024,668,0.0057,0,380,288,0,76.0,,75.3,,,74.0,84,3-0,0.86
,,190986,boise-state-broncos,,429944,,Cameron Bates,MW,BOISE ST,80,WR,2024,100,0.0008,4,43,52,1,69.2,,66.1,72.7,61.1,57.0,13,0-0,0.86
,,176280,boise-state-broncos,,430129,,Carson Rasmussen,MW,BOISE ST,64,G,2024,57,0.0005,0,0,38,19,60.5,,,,85.0,57.5,14,0-0,0.86
,,86538,boise-state-broncos,,360318,,Chase Penry,MW,BOISE ST,13,WR,2024,218,0.0018,0,120,98,0,65.4,,65.5,,,58.4,28,1-0,0.86
,,158659,boise-state-broncos,,386324,,Chris Marshall,MW,BOISE ST,05,WR,2024,58,0.0005,0,37,21,0,54.2,,53.0,,,66.6,3,0-0,0.86
,,145981,boise-state-broncos,,361952,,Colt Fulton,MW,BOISE ST,15,QB,2024,1,0.0,1,0,0,0,60.0,,,60.0,,,0,0-0,0.86
,,175888,boise-state-broncos,,407514,,Connor Gilbreath,MW,BOISE ST,74,T,2024,55,0.0005,0,0,36,19,68.1,,,,34.0,72.1,16,0-0,0.86
,,128384,boise-state-broncos,,351921,,Cooper Jones,MW,BOISE ST,18,WR,2024,8,0.0001,0,2,6,0,57.3,,57.9,,,59.6,0,0-0,0.86
,,190992,boise-state-broncos,,445711,,Daylon Metoyer,MW,BOISE ST,75,T,2024,235,0.002,0,0,122,113,41.2,,,,46.6,40.0,61,0-0,0.86
,,190996,boise-state-broncos,,436573,,Dylan Riley,MW,BOISE ST,24,HB,2024,50,0.0004,22,24,0,4,70.7,,59.6,71.5,78.2,,9,0-0,0.86
,,163388,boise-state-broncos,,431367,,Hall Schmidt,MW,BOISE ST,65,T,2024,725,0.0062,0,0,377,348,50.3,,,,53.0,49.6,163,5-0,0.86
,,128130,boise-state-broncos,,351243,,Herbert Gums,MW,BOISE ST,D98,DI,2024,9,0.0001,0,1,8,0,67.4,,60.0,,,69.0,2,0-0,0.86
,,163387,boise-state-broncos,,406383,,Jake Ripp,MW,BOISE ST,D43,ED,2024,1,0.0,0,0,1,0,60.0,,,,,60.0,0,0-0,0.86
,,157843,boise-state-broncos,,405972,,Jake Steele,MW,BOISE ST,68,G,2024,189,0.0016,0,0,96,93,64.3,,,,65.3,65.2,38,1-0,0.86
,,176209,boise-state-broncos,,412454,,Jambres Dubar,MW,BOISE ST,01,HB,2024,54,0.0005,26,16,3,9,74.8,,65.9,73.0,83.1,58.8,14,0-0,0.86
,,157204,boise-state-broncos,,387229,,James Ferguson-Reynolds,MW,BOISE ST,S46,P,2024,2,0.0,0,1,1,0,56.0,59.4,,,,60.0,0,0-0,0.86
,,173457,boise-state-broncos,,415634,,Jason Steele,MW,BOISE ST,67,C,2024,154,0.0013,0,0,84,70,65.8,,,,69.0,62.8,25,0-0,0.86
,,158316,boise-state-broncos,,387639,,Jeremiah Earby,MW,BOISE ST,D06,CB,2024,1,0.0,0,0,1,0,60.0,,,,,60.0,0,0-0,0.86
,,129940,boise-state-broncos,,350660,,Jonah Dalmas,MW,BOISE ST,S35,K,2024,1,0.0,0,1,0,0,56.3,,55.3,,,,0,0-0,0.86
,,157197,boise-state-broncos,,398498,,Kage Casey,MW,BOISE ST,77,T,2024,947,0.008,0,0,481,466,83.5,,,,87.0,76.4,188,1-0,0.86
,,190988,boise-state-broncos,,429949,,Kayden Chan,MW,BOISE ST,27,WR,2024,8,0.0001,0,2,6,0,59.9,,59.8,,,60.1,0,0-0,0.86
,,176291,boise-state-broncos,,431368,,Kyle Cox,MW,BOISE ST,70,T,2024,97,0.0008,0,0,61,36,68.2,,,,68.8,65.3,25,0-0,0.86
,,128119,boise-state-broncos,,360206,,Latrell Caples,MW,BOISE ST,03,WR,2024,622,0.0053,0,314,306,2,68.5,,69.5,,69.3,58.2,67,2-1,0.86
,,145975,boise-state-broncos,,406398,,Luke Voorhees,MW,BOISE ST,96,TE,2024,121,0.001,0,22,83,16,59.5,,42.5,,71.5,64.2,21,0-0,0.86
,,163379,boise-state-broncos,,399865,,Maddux Madsen,MW,BOISE ST,04,QB,2024,945,0.008,29,465,451,0,74.2,70.7,,67.7,,60.1,240,1-0,0.86
,,174203,boise-state-broncos,,405991,,Malachi Nelson,MW,BOISE ST,07,QB,2024,57,0.0005,1,20,36,0,80.4,80.1,,60.0,,60.0,9,0-0,0.86
,,73389,boise-state-broncos,,384871,,Marco Notarainni,MW,BOISE ST,D53,LB,2024,1,0.0,1,0,0,0,64.5,,,62.7,,,1,0-0,0.86
,,145993,boise-state-broncos,,387236,,Mason Hutton,MW,BOISE ST,S42,LS,2024,2,0.0,0,0,1,1,60.0,,,,63.8,60.0,0,0-0,0.86
,,163377,boise-state-broncos,,415632,,Mason Jacobsen,MW,BOISE ST,D56,ED,2024,1,0.0,0,0,0,1,60.0,,,,63.8,,0,0-0,0.86
,,145991,boise-state-broncos,,387248,,Mason Randolph,MW,BOISE ST,63,C,2024,223,0.0019,0,0,109,114,64.7,,,,57.7,64.2,45,0-0,0.86
,,145992,boise-state-broncos,,387243,,Matt Lauter,MW,BOISE ST,85,TE,2024,731,0.0062,0,330,350,51,61.9,,74.1,,33.3,40.8,156,1-0,0.86
,,176320,boise-state-broncos,,425516,,Matt Wagner,MW,BOISE ST,88,TE,2024,436,0.0037,0,115,266,55,61.2,,69.3,,56.2,52.1,104,1-0,0.86
,,176220,boise-state-broncos,,436570,,Max Cutforth,MW,BOISE ST,14,QB,2024,9,0.0001,0,2,7,0,63.2,62.3,,,,60.0,0,0-0,0.86
,,101165,boise-state-broncos,,338848,,Michael Callahan,MW,BOISE ST,D92,DI,2024,9,0.0001,0,0,8,1,42.5,,,,65.9,44.9,2,0-0,0.86
,,142392,boise-state-broncos,,354906,,Mitchell Bothwell,MW,BOISE ST,87,TE,2024,9,0.0001,0,1,8,0,54.4,,59.0,,,56.1,3,0-0,0.86
,,128120,boise-state-broncos,,393425,,Nathan Cardona,MW,BOISE ST,57,G,2024,55,0.0005,0,0,38,17,53.4,,,,57.3,52.9,15,0-0,0.86
,,173451,boise-state-broncos,,406391,,Prince Strachan,MW,BOISE ST,17,WR,2024,450,0.0038,0,256,194,0,63.0,,63.7,,,60.0,35,2-1,0.86
,,163374,boise-state-broncos,,394602,,Roger Carreon,MW,BOISE ST,62,G,2024,335,0.0028,0,0,166,169,60.7,,,,69.4,61.6,74,5-0,0.86
,,145984,boise-state-broncos,,360394,,Seyi Oladipo,MW,BOISE ST,D23,S,2024,1,0.0,0,0,1,0,60.0,,,,,60.0,0,0-0,0.86
,,184229,boise-state-broncos,,430096,,Sire Gaines,MW,BOISE ST,26,HB,2024,39,0.0003,20,11,3,5,69.5,,86.5,66.8,29.6,60.0,14,0-0,0.86
,,98322,boise-state-broncos,,351180,,Tavion Woodard,MW,BOISE ST,D52,ED,2024,1,0.0,0,1,0,0,56.3,,55.3,,,,0,0-0,0.86
,,150995,boise-state-broncos,,382504,,Tevin Griffey,MW,BOISE ST,D31,CB,2024,1,0.0,0,0,1,0,60.0,,,,,60.0,0,0-0,0.86
,,176279,boise-state-broncos,,406400,,Troy Wilkey,MW,BOISE ST,19,HB,2024,4,0.0,4,0,0,0,77.4,,,73.4,,,3,0-0,0.86
,,176221,boise-state-broncos,,406339,,Ty Benefield,MW,BOISE ST,D00,S,2024,1,0.0,0,0,1,0,60.0,,,,,60.0,0,0-0,0.86
,,101219,boise-state-broncos,,330565,,Tyler Crowe,MW,BOISE ST,33,FB,2024,81,0.0007,30,24,20,7,74.9,,63.6,75.1,45.4,65.5,29,0-0,0.86
,,164945,boise-state-broncos,,387391,,Tyler Keinath,MW,BOISE ST,78,G,2024,487,0.0041,0,0,259,228,61.1,,,,65.8,58.1,126,2-0,0.86
,,146342,boise-state-broncos,,362882,,Zach Holmes,MW,BOISE ST,72,C,2024,623,0.0053,0,0,323,300,71.1,,,,68.2,69.1,122,0-0,0.86
,,173505,fresno-state-bulldogs,,421137,,Antoine Sullivan,MW,FRESNO ST,08,WR,2024,17,0.0001,0,6,11,0,55.8,,55.6,,,60.7,1,0-0,0.46
,,191076,fresno-state-bulldogs,,434217,,Ben Baker,MW,FRESNO ST,56,T,2024,1,0.0,0,0,1,0,60.0,,,,,60.0,1,0-0,0.46
,,146050,fresno-state-bulldogs,,368557,,Braylen Nelson,MW,FRESNO ST,75,T,2024,835,0.0071,0,0,330,505,68.8,,,,64.3,70.7,173,3-1,0.46
,,173515,fresno-state-bulldogs,,428359,,Brock Lium,MW,FRESNO ST,89,TE,2024,31,0.0003,0,9,21,1,50.8,,56.9,,67.1,47.4,6,0-0,0.46
,,191080,fresno-state-bulldogs,,428306,,Bryson Donelson,MW,FRESNO ST,26,HB,2024,243,0.0021,78,130,13,22,73.6,,57.9,81.1,20.6,57.5,57,2-0,0.46
,,147569,fresno-state-bulldogs,,380337,,Campbell McHarg,MW,FRESNO ST,54,G,2024,249,0.0021,0,0,115,134,71.4,,,,76.9,69.5,52,2-0,0.46
,,164073,fresno-state-bulldogs,,385445,,Chedon James,MW,FRESNO ST,04,WR,2024,73,0.0006,0,52,21,0,56.6,,56.5,,,59.7,4,0-0,0.46
,,163416,fresno-state-bulldogs,,395559,,Daniel Taumalolo,MW,FRESNO ST,63,G,2024,328,0.0028,0,0,143,185,72.3,,,,60.8,74.8,69,1-0,0.46
,,191077,fresno-state-bulldogs,,448186,,Drew Carlson,MW,FRESNO ST,28,WR,2024,4,0.0,0,3,1,0,56.5,,57.4,,,60.0,0,0-0,0.46
,,163406,fresno-state-bulldogs,,396207,,Dylan Lynch,MW,FRESNO ST,S46,K,2024,3,0.0,0,2,1,0,57.3,,58.0,,,60.0,0,0-0,0.46
,,173529,fresno-state-bulldogs,,424788,,Edward Fonua,MW,FRESNO ST,72,G,2024,255,0.0022,0,0,86,169,48.5,,,,44.3,45.3,52,0-0,0.46
,,73621,fresno-state-bulldogs,,352078,,Elijah Gilliam,MW,FRESNO ST,33,HB,2024,369,0.0031,122,179,22,46,70.6,,68.6,72.1,42.9,57.1,96,0-0,0.46
,,163415,fresno-state-bulldogs,,386288,,Jacob Spomer,MW,FRESNO ST,69,T,2024,254,0.0022,0,0,76,178,87.3,,,,89.0,81.1,23,0-0,0.46
,,146027,fresno-state-bulldogs,,367961,,Jake Boust,MW,FRESNO ST,86,TE,2024,254,0.0022,0,88,141,25,53.0,,46.3,,51.1,63.9,54,0-0,0.46
,,162499,fresno-state-bulldogs,,418240,,Jake Parnagian,MW,FRESNO ST,25,WR,2024,7,0.0001,0,1,6,0,58.3,,59.3,,,60.4,0,0-0,0.46
,,173520,fresno-state-bulldogs,,412308,,Jake Tarwater,MW,FRESNO ST,87,TE,2024,122,0.001,0,44,67,11,68.4,,54.7,,54.8,83.1,30,0-0,0.46
,,163408,fresno-state-bulldogs,,398990,,Jalen Moss,MW,FRESNO ST,18,WR,2024,600,0.0051,1,391,208,0,63.5,,63.4,57.7,,59.2,64,0-0,0.46
,,173516,fresno-state-bulldogs,,431723,,Jayden Mandal,MW,FRESNO ST,07,QB,2024,33,0.0003,1,13,19,0,39.4,35.9,,60.0,,60.0,10,0-0,0.46
,,173501,fresno-state-bulldogs,,448187,,Joe Dalena,MW,FRESNO ST,36,WR,2024,1,0.0,0,0,1,0,60.0,,,,,60.0,0,0-0,0.46
,,146053,fresno-state-bulldogs,,412306,,Johnathan Arceneaux,MW,FRESNO ST,29,HB,2024,78,0.0007,21,27,24,6,66.1,,71.1,65.4,78.2,48.7,16,0-0,0.46
,,128172,fresno-state-bulldogs,,350717,,Jordan Brown,MW,FRESNO ST,81,WR,2024,128,0.0011,0,72,56,0,59.4,,60.2,,,52.0,11,0-0,0.46
,,163421,fresno-state-bulldogs,,428445,,Joshua Wood,MW,FRESNO ST,03,QB,2024,90,0.0008,34,36,20,0,77.4,68.2,56.4,73.4,,60.0,33,0-0,0.46
,,163398,fresno-state-bulldogs,,406204,,Josiah Freeman,MW,FRESNO ST,05,WR,2024,76,0.0006,0,58,18,0,72.2,,71.6,,,57.6,13,0-0,0.46
,,128188,fresno-state-bulldogs,,393569,,Julian Polendo,MW,FRESNO ST,74,C,2024,84,0.0007,0,0,45,39,67.9,,,,63.2,66.1,19,0-0,0.46
,,146047,fresno-state-bulldogs,,386264,,Kamron Beachem,MW,FRESNO ST,17,TE,2024,160,0.0014,0,93,56,11,55.6,,58.3,,49.1,51.0,30,0-0,0.46
,,144587,fresno-state-bulldogs,,391409,,Kingsley Ugwu,MW,FRESNO ST,76,T,2024,207,0.0018,0,0,108,99,69.0,,,,38.9,77.5,53,1-1,0.46
,,191091,fresno-state-bulldogs,,428364,,Lyndon Ravare,MW,FRESNO ST,15,WR,2024,115,0.001,0,49,66,0,56.4,,55.7,,,60.7,6,0-0,0.46
,,128174,fresno-state-bulldogs,,350718,,Mac Dalena,MW,FRESNO ST,00,WR,2024,686,0.0058,5,437,244,0,73.6,,74.3,61.7,,56.7,76,1-0,0.46
,,128189,fresno-state-bulldogs,,351973,,Malik Sherrod,MW,FRESNO ST,02,HB,2024,156,0.0013,60,75,5,16,59.2,,50.9,64.3,46.7,42.9,33,1-0,0.46
,,163395,fresno-state-bulldogs,,432420,,Matai Bell,MW,FRESNO ST,70,C,2024,11,0.0001,0,0,9,2,64.3,,,,74.2,63.0,2,0-0,0.46
,,70961,fresno-state-bulldogs,,367679,,Mikey Keene,MW,FRESNO ST,01,QB,2024,744,0.0063,15,464,264,1,71.5,73.5,53.9,39.7,62.2,60.8,167,1-0,0.46
,,74174,fresno-state-bulldogs,,350730,,Mose Vavao,MW,FRESNO ST,51,C,2024,702,0.006,0,0,270,432,69.3,,,,81.7,61.6,137,0-0,0.46
,,163393,fresno-state-bulldogs,,428291,,Nathan Acevedo,MW,FRESNO ST,85,WR,2024,113,0.001,2,53,58,0,65.4,,64.0,70.2,,50.9,15,1-0,0.46
,,101266,fresno-state-bulldogs,,359459,,Osmar Velez,MW,FRESNO ST,78,G,2024,778,0.0066,0,0,322,456,72.4,,,,84.9,66.9,155,1-0,0.46
,,144255,fresno-state-bulldogs,,361053,,Raylen Sharpe,MW,FRESNO ST,11,WR,2024,490,0.0042,2,338,150,0,72.6,85.3,71.3,58.1,,68.1,70,0-0,0.46
,,173519,fresno-state-bulldogs,,426844,,Richie Anderson,MW,FRESNO ST,88,TE,2024,404,0.0034,0,189,175,40,52.8,,53.8,,71.2,52.9,76,1-0,0.46
,,146051,fresno-state-bulldogs,,396684,,Rolan Fullwood,MW,FRESNO ST,71,T,2024,9,0.0001,0,0,9,0,57.4,,,,,57.1,1,0-0,0.46
,,173507,fresno-state-bulldogs,,415781,,Tim Grear Jr.,MW,FRESNO ST,06,WR,2024,90,0.0008,0,58,32,0,59.4,,57.8,,,71.6,7,0-0,0.46
,,86146,fresno-state-bulldogs,,382726,,Toreon Penright,MW,FRESNO ST,77,T,2024,529,0.0045,0,0,190,339,52.8,,,,44.0,56.9,123,3-0,0.46
,,128186,fresno-state-bulldogs,,350729,,Tyler Mello,MW,FRESNO ST,D42,LB,2024,7,0.0001,0,2,5,0,74.2,,77.0,,,73.8,5,0-0,0.46
,,174204,fresno-state-bulldogs,,428302,,Wesley Brown,MW,FRESNO ST,S52,LS,2024,3,0.0,0,0,1,2,60.0,,,,72.9,60.0,0,0-0,0.46
,,158184,hawaii-warriors,,398992,,Alex Perry,MW,HAWAII,00,WR,2024,403,0.0034,0,290,113,0,53.7,,53.2,,,58.8,36,1-0,0.42
,,184169,hawaii-warriors,,436611,,Blaze Kamoku,MW,HAWAII,80,WR,2024,20,0.0002,0,7,13,0,57.0,,56.9,,,59.8,0,0-0,0.42
,,146078,hawaii-warriors,,361193,,Brayden Schager,MW,HAWAII,13,QB,2024,716,0.0061,48,521,147,0,74.9,69.1,,75.3,,60.0,274,2-1,0.42
,,162657,hawaii-warriors,,386282,,Cam'ron Barfield,MW,HAWAII,09,HB,2024,125,0.0011,34,27,9,55,69.9,,64.5,71.9,52.4,57.5,27,0-0,0.42
,,174009,hawaii-warriors,,428197,,Carlito Capanang Jr.,MW,HAWAII,86,WR,2024,6,0.0001,0,3,3,0,57.8,,58.3,,,60.0,0,0-0,0.42
,,184176,hawaii-warriors,,428203,,Christian Perry,MW,HAWAII,54,T,2024,27,0.0002,0,0,16,11,50.8,,,,51.0,49.9,6,0-0,0.42
,,184181,hawaii-warriors,,429109,,Christian Vaughn,MW,HAWAII,47,HB,2024,44,0.0004,16,8,7,13,76.4,,55.7,75.2,83.0,58.3,9,0-0,0.42
,,146071,hawaii-warriors,,399529,,David Cordero,MW,HAWAII,10,HB,2024,36,0.0003,11,3,4,18,67.9,,59.9,69.2,50.0,59.0,11,0-0,0.42
,,158172,hawaii-warriors,,405968,,Dean Briski,MW,HAWAII,52,T,2024,41,0.0003,0,0,28,13,59.7,,,,11.7,68.9,11,1-1,0.42
,,146733,hawaii-warriors,,361671,,Dekel Crowdus,MW,HAWAII,06,WR,2024,246,0.0021,0,197,49,0,64.2,,64.3,,,51.2,19,1-1,0.42
,,158190,hawaii-warriors,,406564,,Devon Tauaefa,MW,HAWAII,87,WR,2024,69,0.0006,0,26,35,8,53.3,,50.5,,44.7,63.1,13,0-0,0.42
,,158188,hawaii-warriors,,406090,,Ethan Spencer,MW,HAWAII,57,C,2024,258,0.0022,0,0,88,170,68.1,,,,68.3,65.6,41,0-0,0.42
,,128195,hawaii-warriors,,359468,,Ezra Evaimalo,MW,HAWAII,D52,DI,2024,1,0.0,0,0,1,0,60.0,,,,,60.0,0,0-0,0.42
,,175697,hawaii-warriors,,428200,,Hunter Higham,MW,HAWAII,S35,LS,2024,1,0.0,0,1,0,0,64.5,,74.4,,,,1,0-0,0.42
,,175703,hawaii-warriors,,428202,,James Milovale,MW,HAWAII,70,T,2024,600,0.0051,0,0,158,442,65.0,,,,59.5,70.8,104,3-1,0.42
,,175705,hawaii-warriors,,405976,,Jamih Otis,MW,HAWAII,D54,LB,2024,1,0.0,0,0,1,0,60.0,,,,,60.0,0,0-0,0.42
,,175709,hawaii-warriors,,428205,,John-Keawe Sagapolutele,MW,HAWAII,16,QB,2024,22,0.0002,5,8,9,0,53.8,45.6,,66.1,,60.0,5,0-0,0.42
,,97798,hawaii-warriors,,341047,,Jonah Panoke,MW,HAWAII,01,WR,2024,501,0.0043,0,374,127,0,58.0,,57.1,,,66.5,45,0-0,0.42
,,184168,hawaii-warriors,,398222,,Judah Kaio,MW,HAWAII,79,G,2024,135,0.0011,0,0,44,91,50.2,,,,40.1,49.0,30,1-0,0.42
,,74258,hawaii-warriors,,405961,,Justin Sinclair,MW,HAWAII,D06,S,2024,1,0.0,0,0,1,0,60.0,,,,,60.0,0,0-0,0.42
,,146066,hawaii-warriors,,385572,,Ka'ena Decambra,MW,HAWAII,78,T,2024,820,0.007,0,0,218,602,76.8,,,,74.0,73.8,130,3-0,0.42
,,146061,hawaii-warriors,,384804,,Kamalu DeBlake,MW,HAWAII,38,HB,2024,13,0.0001,4,0,5,4,72.7,,,70.8,56.4,60.0,4,0-0,0.42
,,175701,hawaii-warriors,,428201,,Kansei Matsuzawa,MW,HAWAII,S17,K,2024,1,0.0,0,1,0,0,59.0,,60.0,,,,0,0-0,0.42
,,146069,hawaii-warriors,,385573,,Karsyn Pupunu,MW,HAWAII,11,WR,2024,149,0.0013,0,89,60,0,62.4,,62.3,,,58.1,9,0-0,0.42
,,128207,hawaii-warriors,,351626,,Koali Nishigaya,MW,HAWAII,23,WR,2024,123,0.001,0,87,36,0,50.6,,52.8,,,37.8,13,0-0,0.42
,,146489,hawaii-warriors,,362445,,Kuao Peihopa,MW,HAWAII,59,G,2024,786,0.0067,0,0,220,566,61.3,,,,62.0,60.3,132,4-1,0.42
,,146065,hawaii-warriors,,375506,,Landon Sims,MW,HAWAII,30,HB,2024,515,0.0044,71,89,40,315,70.0,74.6,75.5,70.8,60.9,55.1,84,2-2,0.42
,,130327,hawaii-warriors,,360319,,Lucas Borrow,MW,HAWAII,S19,P,2024,2,0.0,1,1,0,0,64.0,,59.1,62.7,,,1,0-0,0.42
,,71382,hawaii-warriors,,330350,,Luke Felix-Fualalo,MW,HAWAII,72,T,2024,342,0.0029,0,0,95,247,70.4,,,,85.2,50.3,36,0-0,0.42
,,175713,hawaii-warriors,,436614,,Maclane Watkins,MW,HAWAII,81,TE,2024,6,0.0001,0,0,6,0,60.0,,,,,59.8,0,0-0,0.42
,,128215,hawaii-warriors,,350743,,Maurice Ta'ala,MW,HAWAII,51,G,2024,118,0.001,0,0,33,85,53.1,,,,47.3,51.0,22,0-0,0.42
,,184162,hawaii-warriors,,436609,,Micah Alejado,MW,HAWAII,12,QB,2024,113,0.001,10,84,19,0,80.2,86.4,,52.5,,60.0,42,0-0,0.42
,,156057,hawaii-warriors,,436613,,Micah Mariteragi,MW,HAWAII,74,C,2024,2,0.0,0,0,2,0,56.4,,,,,55.5,2,0-0,0.42
,,97701,hawaii-warriors,,330481,,Nalu Emerson,MW,HAWAII,D11,LB,2024,1,0.0,0,0,1,0,60.0,,,,,60.0,0,0-0,0.42
,,169053,hawaii-warriors,,391880,,Nick Cenacle,MW,HAWAII,03,WR,2024,610,0.0052,0,467,142,1,67.7,,67.1,,63.9,64.6,61,0-0,0.42
,,175695,hawaii-warriors,,436610,,Nick Delgadillo,MW,HAWAII,89,WR,2024,6,0.0001,0,0,6,0,60.0,,,,,60.0,0,0-0,0.42
,,158176,hawaii-warriors,,385552,,Noah Kema,MW,HAWAII,D18,LB,2024,2,0.0,0,0,1,1,60.0,,,,61.0,60.0,0,0-0,0.42
,,175711,hawaii-warriors,,445059,,Oakie Salave'a,MW,HAWAII,85,TE,2024,17,0.0001,0,4,11,2,58.6,,73.1,,75.7,42.6,3,0-0,0.42
,,158178,hawaii-warriors,,385605,,Peter Manuma,MW,HAWAII,D01,S,2024,1,0.0,0,0,1,0,60.0,,,,,60.0,0,0-0,0.42
,,158166,hawaii-warriors,,405984,,Pofele Ashlock,MW,HAWAII,05,WR,2024,564,0.0048,0,425,139,0,60.3,,60.4,,,56.8,82,1-0,0.42
,,86114,hawaii-warriors,,350739,,Sergio Muasau,MW,HAWAII,66,C,2024,594,0.005,0,0,150,444,60.6,,,,53.0,68.7,105,5-1,0.42
,,146801,hawaii-warriors,,367663,,Solomon Landrum,MW,HAWAII,S44,LS,2024,1,0.0,0,0,1,0,60.0,,,,,60.0,0,0-0,0.42
,,63709,hawaii-warriors,,362848,,Spencer Curtis,MW,HAWAII,14,WR,2024,360,0.0031,0,255,105,0,62.2,,61.7,,,61.2,20,0-0,0.42
,,184180,hawaii-warriors,,443103,,Tama Uiliata,MW,HAWAII,82,WR,2024,47,0.0004,0,39,8,0,56.2,,56.2,,,59.9,3,0-0,0.42
,,128204,hawaii-warriors,,350738,,Tamatoa Mokiao-Atimalala,MW,HAWAII,08,WR,2024,201,0.0017,0,136,65,0,52.2,,52.8,,,50.2,26,0-0,0.42
,,156043,hawaii-warriors,,385560,,Tylan Hines,MW,HAWAII,02,WR,2024,187,0.0016,39,101,25,22,72.0,,69.8,69.3,63.3,73.2,52,0-0,0.42
,,146067,hawaii-warriors,,397767,,Zhen Sotelo,MW,HAWAII,58,G,2024,549,0.0047,0,0,148,401,68.0,,,,72.9,67.9,93,3-0,0.42
,,158232,nevada-wolf-pack,,407064,,AJ Bianco,MW,NEVADA,10,QB,2024,51,0.0004,4,32,15,0,74.7,74.3,54.6,65.0,,60.0,19,0-0,0.23
,,146083,nevada-wolf-pack,,385182,,Aedan Seiuli,MW,NEVADA,D46,S,2024,2,0.0,0,0,2,0,60.0,,,,,60.0,0,0-0,0.23
,,71502,nevada-wolf-pack,,385482,,Andrew Madrigal,MW,NEVADA,78,C,2024,859,0.0073,0,0,397,462,69.3,,,,68.4,68.7,154,5-0,0.23
,,157732,nevada-wolf-pack,,418159,,Andrew Savaiinaea,MW,NEVADA,11,TE,2024,357,0.003,0,171,170,16,44.8,,43.1,,56.6,53.6,48,1-0,0.23
,,184188,nevada-wolf-pack,,0,,Anthony Grigsby Jr.,MW,NEVADA,00,QB,2024,1,0.0,0,0,1,0,60.0,,,,,59.5,0,0-0,0.23
,,158319,nevada-wolf-pack,,395014,,Ashton Hayes,MW,NEVADA,26,HB,2024,15,0.0001,1,5,9,0,74.2,,70.6,63.3,,59.3,3,0-0,0.23
,,162488,nevada-wolf-pack,,400041,,Austin Harnetiaux,MW,NEVADA,D44,LB,2024,2,0.0,0,0,2,0,60.0,,,,,60.1,0,0-0,0.23
,,175729,nevada-wolf-pack,,419452,,Bishop Turner,MW,NEVADA,D15,S,2024,2,0.0,0,0,2,0,60.0,,,,,60.1,0,0-0,0.23
,,131687,nevada-wolf-pack,,351939,,Brendon Lewis,MW,NEVADA,02,QB,2024,774,0.0066,112,404,256,2,90.3,80.1,72.4,85.4,81.4,60.5,255,1-0,0.23
,,172143,nevada-wolf-pack,,411222,,Caleb Ramseur,MW,NEVADA,20,HB,2024,157,0.0013,32,68,43,14,62.4,,68.2,59.3,55.7,62.7,24,0-0,0.23
,,147647,nevada-wolf-pack,,362210,,Charles Brown,MW,NEVADA,03,WR,2024,7,0.0001,0,3,4,0,56.1,,56.7,,,60.5,0,0-0,0.23
,,158248,nevada-wolf-pack,,387754,,Chris Smalley,MW,NEVADA,45,TE,2024,53,0.0004,0,12,41,0,46.8,,36.8,,,60.1,13,0-0,0.23
,,122412,nevada-wolf-pack,,348310,,Chubba Purdy,MW,NEVADA,13,QB,2024,66,0.0006,10,39,17,0,69.7,70.0,61.8,63.3,,60.1,18,0-0,0.23
,,157366,nevada-wolf-pack,,386054,,Cortez Braham,MW,NEVADA,08,WR,2024,790,0.0067,1,429,360,0,68.4,,70.3,57.9,,55.3,77,5-0,0.23
,,176024,nevada-wolf-pack,,418141,,Deston Hawkins,MW,NEVADA,22,HB,2024,80,0.0007,6,38,26,10,55.0,,65.0,60.9,24.4,46.3,16,1-0,0.23
,,146094,nevada-wolf-pack,,368539,,Drue Watts,MW,NEVADA,D07,LB,2024,2,0.0,0,0,2,0,60.0,,,,,60.0,0,0-0,0.23
,,91064,nevada-wolf-pack,,391337,,Dylan Lopez,MW,NEVADA,57,C,2024,12,0.0001,0,0,10,2,70.6,,,,73.0,68.1,4,0-0,0.23
,,128243,nevada-wolf-pack,,351110,,Frank Poso,MW,NEVADA,62,T,2024,266,0.0023,0,0,113,153,70.8,,,,51.9,78.0,61,0-0,0.23
,,146025,nevada-wolf-pack,,361695,,Gerick Robinson,MW,NEVADA,14,WR,2024,10,0.0001,0,2,8,0,57.4,,57.6,,,60.8,0,0-0,0.23
,,184187,nevada-wolf-pack,,428194,,Guy Gillespie,MW,NEVADA,S39,P,2024,3,0.0,2,0,1,0,57.9,,,58.8,,60.0,0,0-0,0.23
,,158252,nevada-wolf-pack,,387769,,Isaiah World,MW,NEVADA,70,T,2024,854,0.0072,0,1,397,456,70.1,,60.0,,82.4,61.3,126,8-0,0.23
,,148818,nevada-wolf-pack,,373406,,Jace Henry,MW,NEVADA,16,TE,2024,197,0.0017,0,82,106,9,56.8,,62.9,,66.7,47.8,35,1-0,0.23
,,102637,nevada-wolf-pack,,337177,,Jaden Smith,MW,NEVADA,01,WR,2024,814,0.0069,0,448,365,1,76.9,73.1,77.9,,61.0,62.8,86,3-0,0.23
,,158524,nevada-wolf-pack,,431384,,Jakobus Seth,MW,NEVADA,72,DI,2024,15,0.0001,0,0,13,2,69.8,,,,73.9,68.8,4,0-0,0.23
,,171550,nevada-wolf-pack,,421205,,Jayden O'Rourke,MW,NEVADA,82,TE,2024,28,0.0002,0,15,13,0,38.9,,47.3,,,48.5,3,1-0,0.23
,,171543,nevada-wolf-pack,,418264,,John Bolles,MW,NEVADA,77,T,2024,80,0.0007,0,1,47,32,40.9,,58.9,,19.9,50.1,20,0-0,0.23
,,158241,nevada-wolf-pack,,400174,,Jonathan Maldonado,MW,NEVADA,D95,ED,2024,1,0.0,0,0,1,0,60.0,,,,,60.0,1,0-0,0.23
,,158237,nevada-wolf-pack,,400172,,Josh Grabowski,MW,NEVADA,54,G,2024,505,0.0043,0,2,254,249,78.0,,57.1,,80.0,77.3,103,0-0,0.23
,,175728,nevada-wolf-pack,,407224,,Josiah Timoteo,MW,NEVADA,71,T,2024,572,0.0049,0,2,282,288,52.0,,57.9,,37.2,60.8,126,3-1,0.23
,,131701,nevada-wolf-pack,,385043,,Kai Arneson,MW,NEVADA,64,G,2024,1,0.0,0,0,1,0,60.0,,,,,60.0,0,0-0,0.23
,,123111,nevada-wolf-pack,,348203,,Kitan Crawford,MW,NEVADA,D04,S,2024,2,0.0,0,0,2,0,60.0,,,,,60.1,0,0-0,0.23
,,163868,nevada-wolf-pack,,423531,,Ky Woods,MW,NEVADA,25,WR,2024,40,0.0003,9,11,19,1,81.0,,65.0,83.6,71.5,59.1,8,0-0,0.23
,,104082,nevada-wolf-pack,,385525,,Marcus Bellon,MW,NEVADA,18,WR,2024,586,0.005,9,351,226,0,67.9,62.0,68.1,63.5,,56.2,59,2-0,0.23
,,71530,nevada-wolf-pack,,428929,,Marquis Ashley,MW,NEVADA,07,WR,2024,53,0.0004,0,32,21,0,56.7,,58.5,,,46.8,5,0-0,0.23
,,175717,nevada-wolf-pack,,407068,,Marshaun Brown,MW,NEVADA,09,WR,2024,113,0.001,0,71,42,0,60.7,,60.1,,,62.8,11,0-0,0.23
,,128233,nevada-wolf-pack,,351108,,Matthew Killam,MW,NEVADA,S18,K,2024,1,0.0,1,0,0,0,55.6,,,59.3,,,0,0-0,0.23
,,175718,nevada-wolf-pack,,424786,,Nate Burleson II,MW,NEVADA,12,WR,2024,79,0.0007,0,47,32,0,60.6,,60.3,,,60.7,5,0-0,0.23
,,123138,nevada-wolf-pack,,350814,,Nate Floyd,MW,NEVADA,85,WR,2024,21,0.0002,0,17,4,0,60.0,,59.8,,,60.4,2,0-0,0.23
,,128220,nevada-wolf-pack,,351106,,Nick Barcelos,MW,NEVADA,S88,LS,2024,3,0.0,0,0,3,0,60.0,,,,,60.0,1,0-0,0.23
,,171552,nevada-wolf-pack,,407221,,Oliver Stuart,MW,NEVADA,87,TE,2024,159,0.0013,0,76,63,20,43.7,,46.9,,28.0,51.3,22,0-0,0.23
,,97120,nevada-wolf-pack,,327882,,Pat Garwo III,MW,NEVADA,05,HB,2024,229,0.0019,57,102,36,34,70.9,,64.1,75.9,57.2,44.7,52,1-0,0.23
,,163857,nevada-wolf-pack,,387214,,Savion Red,MW,NEVADA,06,HB,2024,304,0.0026,120,102,63,19,72.5,,62.7,73.0,61.4,60.1,88,0-0,0.23
,,71332,nevada-wolf-pack,,328092,,Sean Dollars,MW,NEVADA,04,HB,2024,171,0.0015,46,65,37,23,56.7,,71.5,53.0,47.1,58.6,38,1-0,0.23
,,156365,nevada-wolf-pack,,428195,,Snoop Leota-Amaama,MW,NEVADA,55,G,2024,22,0.0002,0,0,14,8,53.3,,,,79.0,50.5,8,0-0,0.23
,,81559,nevada-wolf-pack,,322373,,Spencer Lovell,MW,NEVADA,76,G,2024,667,0.0057,0,0,291,376,69.9,,,,72.0,68.9,113,3-0,0.23
,,158235,nevada-wolf-pack,,391512,,Stone Combs,MW,NEVADA,D33,LB,2024,2,0.0,0,0,2,0,60.0,,,,,60.0,0,0-0,0.23
,,175727,nevada-wolf-pack,,407212,,Tyson Ruffins,MW,NEVADA,56,G,2024,585,0.005,0,0,286,299,68.9,,,,73.9,66.0,96,1-0,0.23
,,174870,san-jose-state-spartans,,418125,,Cooper Hoch,MW,S JOSE ST,13,WR,2024,168,0.0014,0,90,78,0,55.9,,55.4,,,60.4,10,0-0,0.54
,,188839,san-jose-state-spartans,,430048,,Daniel Moleni,MW,S JOSE ST,54,T,2024,22,0.0002,0,0,13,9,48.0,,,,54.7,45.9,7,0-0,0.54
,,90160,san-jose-state-spartans,,352307,,Davis Salom,MW,S JOSE ST,S40,LS,2024,1,0.0,0,0,1,0,60.0,,,,,60.0,0,0-0,0.54
,,157839,san-jose-state-spartans,,434129,,Denaris DeRosa Jr.,MW,S JOSE ST,65,G,2024,48,0.0004,0,0,17,31,56.3,,,,82.5,47.0,7,0-0,0.54
,,174873,san-jose-state-spartans,,412262,,Dylan Lee,MW,S JOSE ST,D18,LB,2024,1,0.0,0,0,1,0,60.0,,,,,60.0,0,0-0,0.54
,,157344,san-jose-state-spartans,,415760,,Emmett Brown,MW,S JOSE ST,09,QB,2024,380,0.0032,16,254,110,0,71.9,69.9,54.6,66.1,,60.0,132,2-0,0.54
,,167095,san-jose-state-spartans,,387244,,Floyd Chalk IV,MW,S JOSE ST,00,HB,2024,558,0.0047,158,119,27,254,80.1,,51.7,81.0,75.4,58.3,98,0-0,0.54
,,131805,san-jose-state-spartans,,373227,,Grant Norberg,MW,S JOSE ST,87,TE,2024,6,0.0001,0,1,5,0,58.8,,59.7,,,59.8,0,0-0,0.54
,,90875,san-jose-state-spartans,,386227,,Hudson Mesa,MW,S JOSE ST,60,C,2024,717,0.0061,0,0,229,488,51.7,,,,52.7,48.9,140,1-0,0.54
,,157835,san-jose-state-spartans,,400014,,Jabari Bates,MW,S JOSE ST,06,HB,2024,212,0.0018,60,41,8,103,70.3,,46.4,75.3,50.8,59.2,44,0-0,0.54
,,128321,san-jose-state-spartans,,350708,,Jackson Canaan,MW,S JOSE ST,85,TE,2024,475,0.004,0,326,146,3,53.2,,55.2,,24.2,44.7,45,1-0,0.54
,,184878,san-jose-state-spartans,,430055,,Jacob Stewart,MW,S JOSE ST,81,TE,2024,427,0.0036,0,283,141,3,56.6,60.0,58.2,,32.2,46.5,45,1-0,0.54
,,131604,san-jose-state-spartans,,360803,,Jean Boyd III,MW,S JOSE ST,D28,CB,2024,1,0.0,0,0,1,0,60.0,,,,,60.0,0,0-0,0.54
,,157845,san-jose-state-spartans,,386228,,Jordan Pollard,MW,S JOSE ST,D10,LB,2024,1,0.0,1,0,0,0,64.5,,,62.7,,,1,0-0,0.54
,,157842,san-jose-state-spartans,,412235,,Joseph Harbert,MW,S JOSE ST,75,C,2024,197,0.0017,0,0,60,137,47.2,,,,40.8,48.5,36,2-0,0.54
,,74298,san-jose-state-spartans,,339905,,Justin Lockhart,MW,S JOSE ST,11,WR,2024,758,0.0064,0,541,217,0,73.3,,73.5,,,63.6,79,3-0,0.54
,,188843,san-jose-state-spartans,,431717,,Lamar Radcliffe,MW,S JOSE ST,26,HB,2024,100,0.0008,33,20,9,38,68.0,,52.9,71.1,45.3,57.4,24,0-0,0.54
,,184873,san-jose-state-spartans,,430043,,Malakai Hoeft,MW,S JOSE ST,D24,S,2024,1,0.0,0,0,1,0,60.0,,,,,60.0,0,0-0,0.54
,,128441,san-jose-state-spartans,,394941,,Malik Williams,MW,S JOSE ST,70,T,2024,922,0.0078,0,0,291,631,51.0,,,,44.9,54.4,198,2-1,0.54
,,72200,san-jose-state-spartans,,386231,,Marist Talavou,MW,S JOSE ST,61,G,2024,763,0.0065,0,0,229,534,72.0,,,,86.4,66.4,92,1-0,0.54
,,157831,san-jose-state-spartans,,391789,,Matthew Coleman,MW,S JOSE ST,14,WR,2024,416,0.0035,0,278,137,1,66.3,,66.9,,61.9,54.4,37,1-0,0.54
,,157849,san-jose-state-spartans,,386223,,Michael Dansby,MW,S JOSE ST,D25,CB,2024,1,0.0,0,0,1,0,60.0,,,,,60.0,0,0-0,0.54
,,175014,san-jose-state-spartans,,430038,,Naseri Danielson,MW,S JOSE ST,D16,LB,2024,1,0.0,0,0,1,0,60.0,,,,,60.0,0,0-0,0.54
,,174865,san-jose-state-spartans,,430040,,Nate Hale,MW,S JOSE ST,72,T,2024,6,0.0001,0,0,5,1,54.0,,,,0.0,60.0,1,1-1,0.54
,,146177,san-jose-state-spartans,,418126,,Nate Lewis,MW,S JOSE ST,D99,ED,2024,1,0.0,0,0,1,0,60.0,,,,,60.0,0,0-0,0.54
,,98679,san-jose-state-spartans,,326204,,Nick Nash,MW,S JOSE ST,03,WR,2024,791,0.0067,1,549,241,0,85.3,86.4,86.9,42.4,,58.6,136,2-0,0.54
,,159070,san-jose-state-spartans,,387286,,Peseti Lapuaho,MW,S JOSE ST,79,T,2024,892,0.0076,0,0,277,615,30.0,,60.0,,17.0,49.8,192,5-0,0.54
,,151364,san-jose-state-spartans,,362693,,Robert Rahimi,MW,S JOSE ST,D01,S,2024,1,0.0,0,0,1,0,60.0,,,,,60.0,1,0-0,0.54
,,70536,san-jose-state-spartans,,416050,,Sebastian Macaluso,MW,S JOSE ST,24,WR,2024,124,0.0011,0,98,26,0,62.5,,62.0,,,62.7,15,0-0,0.54
,,188840,san-jose-state-spartans,,430050,,Sione Nomani,MW,S JOSE ST,74,G,2024,659,0.0056,0,1,217,441,50.0,,65.2,,46.6,49.4,127,6-1,0.54
,,90613,san-jose-state-spartans,,349493,,Skylar Loving-Black,MW,S JOSE ST,86,TE,2024,5,0.0,0,0,5,0,60.0,,,,,60.0,0,0-0,0.54
,,188837,san-jose-state-spartans,,431711,,Tevita Manukainiu,MW,S JOSE ST,71,T,2024,32,0.0003,0,2,27,3,48.1,,54.0,,69.6,50.4,7,0-0,0.54
,,163281,san-jose-state-spartans,,394659,,Trent Carrizosa,MW,S JOSE ST,S49,P,2024,1,0.0,0,0,1,0,60.0,,,,,60.0,0,0-0,0.54
,,159085,san-jose-state-spartans,,393658,,Treyshun Hurry,MW,S JOSE ST,02,WR,2024,569,0.0048,0,406,162,1,60.6,,60.3,,61.9,57.8,36,0-0,0.54
,,173000,san-jose-state-spartans,,419584,,Tyler Chen,MW,S JOSE ST,62,G,2024,299,0.0025,0,0,88,211,56.1,,,,63.9,48.1,47,1-0,0.54
,,157841,san-jose-state-spartans,,412234,,Uluakinofo Taliauli,MW,S JOSE ST,69,G,2024,115,0.001,0,0,54,61,60.3,,,,65.3,57.7,16,1-0,0.54
,,146170,san-jose-state-spartans,,359902,,Walker Eget,MW,S JOSE ST,05,QB,2024,545,0.0046,28,375,142,0,84.7,81.8,54.3,70.3,,60.1,197,1-0,0.54
,,146492,san-jose-state-spartans,,368477,,Xavier Ward,MW,S JOSE ST,07,QB,2024,3,0.0,0,3,0,0,35.0,35.5,,,,,2,0-0,0.54
,,146196,unlv-rebels,,406731,,Anthony Rosas,MW,UNLV,54,G,2024,37,0.0003,0,0,36,1,69.0,,,,67.3,67.1,7,0-0,0.79
,,146200,unlv-rebels,,406657,,Anton Ambuehl,MW,UNLV,75,G,2024,872,0.0074,0,0,473,399,64.3,,,,74.2,59.8,176,0-0,0.79
,,174066,unlv-rebels,,406661,,Austin Boyd,MW,UNLV,79,G,2024,273,0.0023,0,0,149,124,61.4,,,,85.3,57.1,42,2-0,0.79
,,145902,unlv-rebels,,359745,,Ben Lisk,MW,UNLV,S36,LS,2024,1,0.0,0,0,1,0,60.0,,,,,60.0,1,0-0,0.79
,,146195,unlv-rebels,,374250,,Cameron Friel,MW,UNLV,07,QB,2024,48,0.0004,10,6,32,0,63.5,61.2,,61.4,,60.3,8,0-0,0.79
,,146206,unlv-rebels,,362029,,Cameron Oliver,MW,UNLV,D05,CB,2024,2,0.0,0,1,1,0,77.4,,73.6,,,60.0,1,0-0,0.79
,,144727,unlv-rebels,,385875,,Casey Cain,MW,UNLV,01,WR,2024,294,0.0025,1,136,156,1,61.0,,60.0,63.2,61.9,59.1,26,1-0,0.79
,,174069,unlv-rebels,,406692,,Christian Earls,MW,UNLV,87,TE,2024,23,0.0002,0,6,16,1,63.9,,53.4,,67.4,73.9,3,0-0,0.79
,,122608,unlv-rebels,,349980,,Christian Moore,MW,UNLV,44,TE,2024,476,0.004,1,120,298,57,64.7,,40.8,57.6,61.4,79.9,124,2-2,0.79
,,174072,unlv-rebels,,423505,,Cooper Haswell,MW,UNLV,83,TE,2024,5,0.0,0,0,5,0,56.2,,,,,54.3,1,0-0,0.79
,,174081,unlv-rebels,,422418,,Corey Thompson Jr.,MW,UNLV,13,WR,2024,295,0.0025,0,131,164,0,52.7,,51.7,,,56.9,14,0-0,0.79
,,184207,unlv-rebels,,431597,,Damien McDaniel,MW,UNLV,02,WR,2024,23,0.0002,0,4,19,0,56.8,,56.0,,,60.1,1,0-0,0.79
,,174074,unlv-rebels,,406703,,DeAngelo Irvin Jr.,MW,UNLV,10,WR,2024,125,0.0011,7,64,54,0,53.3,58.0,51.6,61.4,,57.4,9,0-0,0.79
,,188487,unlv-rebels,,431589,,Devin Green,MW,UNLV,22,HB,2024,104,0.0009,29,29,32,14,58.1,,52.3,60.3,60.5,53.8,9,0-0,0.79
,,188484,unlv-rebels,,431583,,Dyllan Drummond,MW,UNLV,57,T,2024,15,0.0001,0,0,14,1,64.5,,,,66.7,63.6,2,0-0,0.79
,,174073,unlv-rebels,,431591,,Ed Haynes,MW,UNLV,71,C,2024,15,0.0001,0,0,14,1,52.1,,,,66.9,51.3,3,0-0,0.79
,,146204,unlv-rebels,,399516,,Graham Keating III,MW,UNLV,61,C,2024,34,0.0003,0,0,28,6,67.6,,,,75.0,64.7,4,0-0,0.79
,,184204,unlv-rebels,,429334,,Greg Burrell,MW,UNLV,05,HB,2024,195,0.0017,66,53,37,39,77.6,,54.4,79.2,78.7,57.7,37,0-0,0.79
,,102348,unlv-rebels,,326724,,Hajj-Malik Williams,MW,UNLV,06,QB,2024,742,0.0063,91,355,296,0,77.0,67.3,29.7,78.3,,60.0,243,1-0,0.79
,,188497,unlv-rebels,,429358,,Hank Purvis,MW,UNLV,64,G,2024,77,0.0007,0,0,63,14,67.2,,,,82.6,65.5,24,0-0,0.79
,,145666,unlv-rebels,,361715,,Jack Hasz,MW,UNLV,65,C,2024,905,0.0077,0,0,488,417,65.6,,,,78.2,59.6,143,2-1,0.79
,,123973,unlv-rebels,,350070,,Jackson Woodard,MW,UNLV,D07,LB,2024,2,0.0,0,0,1,1,60.0,,,,63.8,60.0,0,0-0,0.79
,,174068,unlv-rebels,,406686,,Jacob De Jesus,MW,UNLV,21,WR,2024,446,0.0038,16,239,190,1,77.2,,78.1,63.4,70.0,65.4,45,1-1,0.79
,,144016,unlv-rebels,,361517,,Jaden Bradley,MW,UNLV,23,WR,2024,292,0.0025,1,136,155,0,61.8,,62.0,63.5,,49.7,20,1-0,0.79
,,184203,unlv-rebels,,429331,,Jae Beasley II,MW,UNLV,43,TE,2024,101,0.0009,0,12,80,9,54.6,,49.4,,75.7,54.7,27,0-0,0.79
,,174080,unlv-rebels,,406741,,Jai'Den Thomas,MW,UNLV,09,HB,2024,460,0.0039,165,167,70,58,79.7,,51.4,83.5,83.0,53.6,97,0-0,0.79
,,123963,unlv-rebels,,372755,,Jalen St. John,MW,UNLV,74,T,2024,880,0.0075,0,0,473,407,66.2,,,,71.0,61.9,108,5-1,0.79
,,153333,unlv-rebels,,392141,,Jayden Ahboah,MW,UNLV,68,T,2024,18,0.0002,0,0,17,1,63.8,,,,66.0,62.7,4,0-0,0.79
,,97543,unlv-rebels,,340590,,Jett Elad,MW,UNLV,D09,S,2024,2,0.0,0,0,1,1,60.0,,,,63.8,60.0,0,0-0,0.79
,,146214,unlv-rebels,,365535,,Johnathan Baldwin,MW,UNLV,D03,CB,2024,2,0.0,0,0,1,1,60.0,,,,63.8,60.0,0,0-0,0.79
,,128343,unlv-rebels,,361272,,Kaleo Ballungay,MW,UNLV,19,TE,2024,722,0.0061,0,279,371,72,55.5,,54.1,,58.5,59.5,147,2-0,0.79
,,188492,unlv-rebels,,431599,,Kayden McGee,MW,UNLV,16,WR,2024,13,0.0001,0,5,8,0,90.7,,89.6,,,58.5,3,0-0,0.79
,,150195,unlv-rebels,,377402,,Kylin James,MW,UNLV,20,HB,2024,219,0.0019,92,58,53,16,79.5,60.0,41.6,82.7,62.1,54.1,58,0-0,0.79
,,146628,unlv-rebels,,368396,,Landon Rogers,MW,UNLV,15,WR,2024,5,0.0,0,1,4,0,68.0,,59.3,,,63.2,1,0-0,0.79
,,146210,unlv-rebels,,400020,,Malik Bradford,MW,UNLV,89,WR,2024,7,0.0001,0,0,7,0,60.5,,,,,60.6,0,0-0,0.79
,,157027,unlv-rebels,,393327,,Mani Powell,MW,UNLV,D16,LB,2024,2,0.0,0,0,1,1,60.0,,,,63.8,60.0,0,0-0,0.79
,,146864,unlv-rebels,,385589,,Marshall Nichols,MW,UNLV,S90,P,2024,2,0.0,1,1,0,0,61.1,60.6,,60.0,,,0,0-0,0.79
,,188501,unlv-rebels,,431612,,Mason Vicari,MW,UNLV,51,G,2024,60,0.0005,0,0,49,11,54.5,,,,79.5,52.6,6,1-0,0.79
,,134899,unlv-rebels,,351998,,Mathyus Su'a,MW,UNLV,78,G,2024,667,0.0057,0,0,359,308,68.0,,,,69.8,67.5,144,2-1,0.79
,,174070,unlv-rebels,,429350,,Matthew Greene,MW,UNLV,84,TE,2024,15,0.0001,0,1,14,0,75.9,,59.8,,,75.3,8,0-0,0.79
,,143059,unlv-rebels,,354746,,Matthew Sluka,MW,UNLV,03,QB,2024,171,0.0015,32,65,74,0,76.3,59.2,54.3,81.8,,60.0,68,0-0,0.79
,,157405,unlv-rebels,,394942,,Michael Allen,MW,UNLV,26,HB,2024,43,0.0004,19,7,14,3,64.0,,56.1,64.2,76.6,57.3,6,0-0,0.79
,,170518,unlv-rebels,,431609,,Nick Scalise,MW,UNLV,62,T,2024,32,0.0003,0,0,26,6,70.5,,,,77.4,67.6,4,0-0,0.79
,,174075,unlv-rebels,,431593,,Rashawn Jackson,MW,UNLV,82,WR,2024,24,0.0002,0,1,23,0,60.5,,59.9,,,61.9,0,0-0,0.79
,,156012,unlv-rebels,,385002,,Rashod Tanner,MW,UNLV,D41,CB,2024,2,0.0,0,1,1,0,58.0,,57.7,,,60.0,0,0-0,0.79
,,129639,unlv-rebels,,350552,,Ricky White,MW,UNLV,11,WR,2024,764,0.0065,1,371,392,0,80.8,,82.0,57.5,,69.9,129,4-0,0.79
,,146024,unlv-rebels,,393432,,Sammy Norris,MW,UNLV,60,G,2024,32,0.0003,0,1,28,3,61.6,,59.8,,83.8,60.6,11,0-0,0.79
,,128371,unlv-rebels,,351806,,Tiger Shanks,MW,UNLV,70,T,2024,901,0.0076,0,6,484,411,78.2,,50.1,,82.8,71.9,175,4-2,0.79
,,139372,unlv-rebels,,406678,,Timothy Conerly,MW,UNLV,08,WR,2024,23,0.0002,2,6,15,0,85.8,,75.4,77.2,,58.2,3,0-0,0.79
,,188494,unlv-rebels,,431602,,Toby Moore,MW,UNLV,67,G,2024,15,0.0001,0,0,14,1,72.3,,,,66.7,71.3,8,0-0,0.79
,,188485,unlv-rebels,,392772,,Traivon Dyson,MW,UNLV,81,WR,2024,2,0.0,0,0,2,0,59.9,,,,,59.7,0,0-0,0.79
,,101236,unlv-rebels,,383940,,Walker Hardan,MW,UNLV,S59,LS,2024,1,0.0,0,0,0,1,60.0,,,,63.8,,0,0-0,0.79
,,127412,unlv-rebels,,406735,,Will Thomas,MW,UNLV,72,G,2024,64,0.0005,0,4,37,23,55.3,,51.5,,23.0,66.3,15,1-0,0.79
,,163439,utah-state-aggies,,444043,,Adam Pond,MW,UTAH ST,67,T,2024,2,0.0,0,0,1,1,60.0,,,,63.9,60.0,0,0-0,0.33
,,175947,utah-state-aggies,,406875,,Aloali'i Maui,MW,UTAH ST,62,G,2024,756,0.0064,0,0,305,451,57.7,,,,44.3,62.5,181,7-1,0.33
,,128386,utah-state-aggies,,350665,,Broc Lane,MW,UTAH ST,87,TE,2024,252,0.0021,0,149,90,13,63.0,,65.0,,36.1,54.8,45,0-0,0.33
,,157632,utah-state-aggies,,406886,,Bronson Olevao Jr.,MW,UTAH ST,D14,LB,2024,1,0.0,0,1,0,0,58.4,,55.3,,,,1,0-0,0.33
,,163440,utah-state-aggies,,406896,,Bryce Radford,MW,UTAH ST,75,C,2024,20,0.0002,0,0,16,4,67.1,,,,82.2,64.2,3,0-0,0.33
,,131845,utah-state-aggies,,361840,,Bryson Barnes,MW,UTAH ST,16,QB,2024,313,0.0027,52,155,106,0,75.7,62.3,54.3,80.5,,60.1,97,1-0,0.33
,,163445,utah-state-aggies,,412324,,Chase Tuatagaloa,MW,UTAH ST,12,TE,2024,14,0.0001,0,7,7,0,47.9,58.1,54.8,,,41.6,3,0-0,0.33
,,72178,utah-state-aggies,,351129,,Colby Bowman,MW,UTAH ST,09,WR,2024,137,0.0012,0,73,64,0,58.8,,58.3,,,60.5,9,0-0,0.33
,,144459,utah-state-aggies,,384830,,Cole Joyce,MW,UTAH ST,D20,LB,2024,1,0.0,0,0,0,1,60.0,,,,63.8,,0,0-0,0.33
,,176098,utah-state-aggies,,447610,,Cole Keele,MW,UTAH ST,78,G,2024,1,0.0,0,0,1,0,60.0,,,,,60.0,0,0-0,0.33
,,128393,utah-state-aggies,,381682,,Cole Motes,MW,UTAH ST,56,T,2024,794,0.0067,0,2,336,456,53.0,,57.1,,58.4,53.1,169,7-0,0.33
,,191363,utah-state-aggies,,446366,,Derrick Jameson,MW,UTAH ST,22,HB,2024,40,0.0003,16,11,12,1,80.0,,54.1,81.1,71.1,58.2,9,0-0,0.33
,,157636,utah-state-aggies,,430753,,Elia Migao,MW,UTAH ST,73,G,2024,1,0.0,0,0,1,0,60.0,,,,,60.0,0,0-0,0.33
,,121536,utah-state-aggies,,349662,,Elliott Nimrod,MW,UTAH ST,S89,K,2024,2,0.0,1,1,0,0,69.7,,60.0,63.4,,,1,0-0,0.33
,,128376,utah-state-aggies,,350845,,Falepule Alo,MW,UTAH ST,55,C,2024,815,0.0069,0,0,335,480,68.5,,,,74.8,65.4,151,3-0,0.33
,,171068,utah-state-aggies,,405983,,Gabriel Iniguez,MW,UTAH ST,D10,DI,2024,1,0.0,0,0,0,1,60.0,,,,63.8,,0,0-0,0.33
,,158562,utah-state-aggies,,386834,,George Maile,MW,UTAH ST,72,G,2024,372,0.0032,0,0,177,195,57.2,,,,74.2,54.2,77,3-1,0.33
,,157692,utah-state-aggies,,400032,,Grant Page,MW,UTAH ST,08,WR,2024,474,0.004,0,270,204,0,58.0,87.3,55.9,57.3,,64.8,28,0-0,0.33
,,191362,utah-state-aggies,,446364,,Grayson Brousseau,MW,UTAH ST,33,TE,2024,12,0.0001,0,1,11,0,56.5,,60.0,,,56.4,1,0-0,0.33
,,191372,utah-state-aggies,,429149,,Herschel Turner,MW,UTAH ST,21,HB,2024,260,0.0022,83,132,19,26,67.8,,46.9,75.1,42.3,56.7,56,0-0,0.33
,,154600,utah-state-aggies,,361687,,Jack Hestera,MW,UTAH ST,14,WR,2024,419,0.0036,0,254,165,0,59.1,,60.3,,,47.9,32,0-0,0.33
,,176477,utah-state-aggies,,446980,,Jackson Olsen,MW,UTAH ST,18,WR,2024,8,0.0001,0,0,8,0,61.1,,,,,61.7,0,0-0,0.33
,,70963,utah-state-aggies,,349685,,Jacob Conover,MW,UTAH ST,15,QB,2024,10,0.0001,2,6,2,0,32.6,47.1,,44.6,,60.0,3,0-0,0.33
,,70624,utah-state-aggies,,360132,,Jacob Garcia,MW,UTAH ST,S49,LS,2024,3,0.0,0,1,1,1,60.0,,60.0,,63.8,60.0,0,0-0,0.33
,,163442,utah-state-aggies,,385496,,Jalen Royals,MW,UTAH ST,01,WR,2024,461,0.0039,0,290,171,0,79.6,,80.6,,,53.8,61,0-0,0.33
,,193241,utah-state-aggies,,431780,,Jared Pele,MW,UTAH ST,51,T,2024,11,0.0001,0,0,10,1,58.0,,,,63.7,56.6,1,0-0,0.33
,,128399,utah-state-aggies,,351792,,Josh Sterzer,MW,UTAH ST,83,TE,2024,456,0.0039,0,209,228,19,56.0,,54.7,,77.5,57.0,80,0-0,0.33
,,174757,utah-state-aggies,,406854,,Kahanu Davis,MW,UTAH ST,11,WR,2024,22,0.0002,0,6,16,0,46.3,,45.7,,,61.8,2,0-0,0.33
,,100635,utah-state-aggies,,351860,,Kyrese White,MW,UTAH ST,23,WR,2024,523,0.0044,2,304,217,0,66.4,,66.5,60.8,,60.1,56,0-0,0.33
,,141266,utah-state-aggies,,353489,,Nick Floyd,MW,UTAH ST,24,HB,2024,7,0.0001,5,0,2,0,74.5,,,71.6,,60.0,3,0-0,0.33
,,176473,utah-state-aggies,,429078,,Noah Flores,MW,UTAH ST,D25,CB,2024,1,0.0,0,1,0,0,58.1,,57.7,,,,0,0-0,0.33
,,146224,utah-state-aggies,,362928,,Otto Tia,MW,UTAH ST,05,WR,2024,739,0.0063,0,432,306,1,57.2,,56.8,,63.8,56.5,60,0-0,0.33
,,176482,utah-state-aggies,,406861,,Rahsul Faison,MW,UTAH ST,03,HB,2024,580,0.0049,204,281,35,60,80.7,,49.0,89.2,56.1,54.1,133,1-0,0.33
,,163425,utah-state-aggies,,385508,,Robert Briggs Jr.,MW,UTAH ST,02,HB,2024,35,0.0003,10,23,1,1,69.8,,74.9,70.8,70.0,60.0,9,1-0,0.33
,,157625,utah-state-aggies,,412319,,Ryan Marks,MW,UTAH ST,S47,K,2024,3,0.0,0,2,1,0,55.4,57.7,60.0,,,60.0,0,0-0,0.33
,,82136,utah-state-aggies,,314810,,Spencer Petras,MW,UTAH ST,07,QB,2024,599,0.0051,13,373,212,1,67.6,68.3,,50.4,62.2,60.0,160,0-0,0.33
,,163424,utah-state-aggies,,406819,,Teague Andersen,MW,UTAH ST,54,T,2024,788,0.0067,0,0,314,474,67.8,,,,81.3,62.1,119,7-0,0.33
,,144011,utah-state-aggies,,396173,,Trey Andersen,MW,UTAH ST,57,T,2024,184,0.0016,0,0,77,107,54.1,,,,39.4,59.1,38,1-0,0.33
,,174765,utah-state-aggies,,406878,,Will Monney,MW,UTAH ST,86,TE,2024,177,0.0015,0,111,58,8,53.5,,58.4,,44.6,36.1,19,1-0,0.33
,,81896,utah-state-aggies,,308644,,Wyatt Bowles,MW,UTAH ST,60,G,2024,881,0.0075,0,0,371,510,64.4,,,,64.3,63.6,201,5-1,0.33
,,98213,wyoming-cowboys,,327991,,Alex Brown,MW,WYOMING,09,WR,2024,193,0.0016,0,93,100,0,49.6,,48.8,,,56.9,10,0-0,0.25
,,129681,wyoming-cowboys,,431666,,Alex Conn,MW,WYOMING,75,G,2024,104,0.0009,0,0,57,47,44.1,,,,46.0,42.6,36,1-0,0.25
,,150690,wyoming-cowboys,,385602,,Caden Barnett,MW,WYOMING,72,T,2024,756,0.0064,0,0,393,363,80.9,,,,70.6,82.0,160,6-1,0.25
,,128410,wyoming-cowboys,,366523,,Caleb Driskill,MW,WYOMING,36,TE,2024,127,0.0011,0,7,110,10,59.4,,55.8,,73.3,58.2,33,0-0,0.25
,,157681,wyoming-cowboys,,401500,,Caleb Merritt,MW,WYOMING,D18,CB,2024,1,0.0,0,0,1,0,60.0,,,,,60.0,0,0-0,0.25
,,157684,wyoming-cowboys,,385682,,Carson York,MW,WYOMING,S52,LS,2024,1,0.0,0,0,1,0,60.0,,,,,60.0,0,0-0,0.25
,,184950,wyoming-cowboys,,0,,Chris Durr Jr.,MW,WYOMING,15,WR,2024,227,0.0019,1,156,70,0,74.9,,76.6,57.5,,47.3,37,0-0,0.25
,,146022,wyoming-cowboys,,396997,,Clay Nanke,MW,WYOMING,85,TE,2024,57,0.0005,0,33,21,3,65.9,,66.0,,72.3,57.8,9,0-0,0.25
,,122840,wyoming-cowboys,,348165,,D.J. Jones,MW,WYOMING,26,HB,2024,132,0.0011,58,50,13,11,56.2,,43.7,60.2,28.0,49.5,28,0-0,0.25
,,97815,wyoming-cowboys,,350782,,Dawaiian McNeely,MW,WYOMING,03,HB,2024,4,0.0,2,1,1,0,63.4,,60.0,62.9,,60.0,1,0-0,0.25
,,98557,wyoming-cowboys,,351748,,Devin Boddie Jr.,MW,WYOMING,02,WR,2024,88,0.0007,1,51,36,0,61.9,,62.6,59.6,,67.7,10,1-1,0.25
,,157664,wyoming-cowboys,,408016,,Evan Svoboda,MW,WYOMING,17,QB,2024,578,0.0049,83,284,211,0,55.1,50.1,55.1,64.8,,60.3,179,0-0,0.25
,,130584,wyoming-cowboys,,351172,,Harrison Waylee,MW,WYOMING,04,HB,2024,136,0.0012,65,39,12,20,66.0,,53.4,69.6,23.2,57.3,45,2-1,0.25
,,157665,wyoming-cowboys,,408013,,Isaac Schoenfeld,MW,WYOMING,87,TE,2024,52,0.0004,0,14,33,5,53.1,,52.3,,54.8,57.1,9,0-0,0.25
,,139100,wyoming-cowboys,,353418,,Jack Culbreath,MW,WYOMING,S41,P,2024,1,0.0,0,0,1,0,60.0,,,,,60.0,0,0-0,0.25
,,150706,wyoming-cowboys,,385681,,Jack Walsh,MW,WYOMING,79,G,2024,687,0.0058,0,0,346,341,73.7,,,,73.7,72.2,138,0-0,0.25
,,174812,wyoming-cowboys,,429601,,Jake Davies,MW,WYOMING,71,T,2024,797,0.0068,0,0,403,394,37.5,,,,23.6,44.5,194,1-0,0.25
,,184974,wyoming-cowboys,,443117,,Jake Wilson,MW,WYOMING,89,TE,2024,7,0.0001,1,5,1,0,53.9,,55.2,57.7,,60.0,0,0-0,0.25
,,71409,wyoming-cowboys,,408003,,Jamari Ferrell,MW,WYOMING,06,HB,2024,209,0.0018,82,75,27,25,64.4,,56.8,67.7,49.4,54.4,51,2-0,0.25
,,174835,wyoming-cowboys,,415994,,Jayden Williams,MW,WYOMING,D98,DI,2024,1,0.0,1,0,0,0,64.5,,,62.7,,,1,0-0,0.25
,,184945,wyoming-cowboys,,431665,,Jaylan Bean,MW,WYOMING,88,WR,2024,40,0.0003,0,21,19,0,52.3,,52.4,,,57.7,1,0-0,0.25
,,150700,wyoming-cowboys,,400278,,Jaylen Sargent,MW,WYOMING,08,WR,2024,420,0.0036,0,216,204,0,67.7,,68.5,,,59.3,33,2-1,0.25
,,150698,wyoming-cowboys,,385488,,John Michael Gyllenborg,MW,WYOMING,84,TE,2024,270,0.0023,0,173,85,12,79.7,,84.9,,50.8,51.2,60,0-0,0.25
,,184951,wyoming-cowboys,,429603,,Justin Erb,MW,WYOMING,80,TE,2024,153,0.0013,0,35,108,10,51.3,,43.9,,55.8,58.1,39,0-0,0.25
,,174828,wyoming-cowboys,,429610,,Justin Stevenson,MW,WYOMING,11,WR,2024,468,0.004,5,244,219,0,55.2,,53.7,71.0,,56.7,36,3-0,0.25
,,127312,wyoming-cowboys,,425420,,Kaden Anderson,MW,WYOMING,12,QB,2024,270,0.0023,22,129,119,0,67.8,72.0,,49.8,,60.0,66,1-1,0.25
,,157662,wyoming-cowboys,,434114,,Kimball Madsen,MW,WYOMING,35,FB,2024,1,0.0,0,0,0,1,60.0,,,,70.0,,0,0-0,0.25
,,157677,wyoming-cowboys,,408012,,Luke Sandy,MW,WYOMING,57,C,2024,13,0.0001,0,0,6,7,72.8,,,,77.6,70.1,3,0-0,0.25
,,150709,wyoming-cowboys,,368429,,Micah Young,MW,WYOMING,D44,LB,2024,1,0.0,0,0,1,0,60.0,,,,,60.0,0,0-0,0.25
,,174819,wyoming-cowboys,,429604,,Nathan Geiger,MW,WYOMING,65,T,2024,11,0.0001,0,0,7,4,79.3,,,,79.6,78.1,2,0-0,0.25
,,157663,wyoming-cowboys,,391530,,Nic Talich,MW,WYOMING,D49,LB,2024,1,0.0,0,0,1,0,60.0,,,,,60.0,0,0-0,0.25
,,128422,wyoming-cowboys,,377245,,Nick Miles,MW,WYOMING,86,TE,2024,544,0.0046,0,173,325,46,61.2,,41.0,,56.9,79.4,100,1-0,0.25
,,191376,wyoming-cowboys,,445063,,Nico Hamilton,MW,WYOMING,21,HB,2024,1,0.0,0,0,1,0,60.0,,,,,60.0,1,0-0,0.25
,,128438,wyoming-cowboys,,374170,,Nofoafia Tulafono,MW,WYOMING,77,C,2024,824,0.007,0,0,421,403,65.7,,,,86.4,57.1,157,1-1,0.25
,,174820,wyoming-cowboys,,439463,,Quinn Grovesteen-Matchey,MW,WYOMING,76,G,2024,106,0.0009,0,0,46,60,57.4,,,,50.5,57.3,22,0-0,0.25
,,157668,wyoming-cowboys,,408005,,Rex Johnsen,MW,WYOMING,70,G,2024,426,0.0036,0,0,219,207,54.4,,,,36.0,57.0,105,1-1,0.25
,,150701,wyoming-cowboys,,385680,,Sam Scott,MW,WYOMING,22,HB,2024,350,0.003,93,129,73,55,71.7,,52.3,76.4,45.3,67.8,77,0-0,0.25
,,157338,wyoming-cowboys,,386171,,Tyler King,MW,WYOMING,05,WR,2024,249,0.0021,13,140,96,0,58.9,,59.4,62.6,,57.6,32,2-0,0.25
,,157673,wyoming-cowboys,,415990,,Wes King,MW,WYOMING,78,G,2024,461,0.0039,0,0,237,224,66.9,,,,80.2,62.0,92,1-1,0.25
,,128426,wyoming-cowboys,,366538,,Will Pelissier,MW,WYOMING,83,WR,2024,450,0.0038,1,194,255,0,59.3,,57.7,59.6,,66.3,37,0-0,0.25
,,163326,colorado-state-rams,,391528,,Aaron Karas,,COLO STATE,78,T,2024,878,0.0074,0,0,436,442,73.7,,,,62.3,75.3,207,1-0,0.62
,,173499,colorado-state-rams,,429137,,Aitor Urionabarrenechea,,COLO STATE,79,G,2024,21,0.0002,0,0,11,10,77.0,,,,80.2,76.8,7,0-0,0.62
,,150211,colorado-state-rams,,383963,,Alex Foster,,COLO STATE,69,G,2024,205,0.0017,0,1,126,78,58.4,,59.2,,58.7,56.8,57,1-1,0.62
,,158574,colorado-state-rams,,386875,,Armani Winfield,,COLO STATE,01,WR,2024,518,0.0044,0,267,251,0,64.7,60.0,64.6,,,66.5,50,2-0,0.62
,,128240,colorado-state-rams,,350590,,Avery Morrow,,COLO STATE,25,HB,2024,451,0.0038,188,173,37,53,73.7,,56.8,76.6,57.4,32.8,123,1-0,0.62
,,157207,colorado-state-rams,,393424,,Brayden Fowler-Nicolosi,,COLO STATE,16,QB,2024,873,0.0074,18,441,414,0,70.6,72.5,63.7,45.4,,60.4,202,1-0,0.62
,,173477,colorado-state-rams,,0,,Brig Hartson,,COLO STATE,17,WR,2024,1,0.0,0,0,1,0,60.0,,,,,60.0,0,0-0,0.62
,,173459,colorado-state-rams,,418301,,Caleb Goodie,,COLO STATE,02,WR,2024,477,0.004,5,235,237,0,64.2,,62.4,74.2,,58.9,37,0-0,0.62
,,128145,colorado-state-rams,,351456,,Cam Bariteau,,COLO STATE,D94,DI,2024,1,0.0,0,0,1,0,60.0,,,,,60.0,0,0-0,0.62
,,184680,colorado-state-rams,,377971,,Chandler Brown,,COLO STATE,60,T,2024,10,0.0001,0,0,3,7,62.6,,,,76.8,58.9,1,0-0,0.62
,,128170,colorado-state-rams,,351175,,Chase Wilson,,COLO STATE,D30,LB,2024,1,0.0,0,0,1,0,60.0,,,,,60.0,0,0-0,0.62
,,173491,colorado-state-rams,,429123,,Christian Martin,,COLO STATE,72,T,2024,116,0.001,0,0,90,26,45.1,,,,77.2,42.9,28,0-0,0.62
,,173465,colorado-state-rams,,419455,,Damian Henderson II,,COLO STATE,34,HB,2024,22,0.0002,9,6,5,2,71.7,,62.2,70.4,72.1,64.0,7,0-0,0.62
,,128163,colorado-state-rams,,394965,,Dane Olson,,COLO STATE,81,WR,2024,240,0.002,1,152,87,0,74.0,74.0,72.2,63.2,,65.5,34,0-0,0.62
,,100651,colorado-state-rams,,351392,,Donovan Ollie,,COLO STATE,06,WR,2024,107,0.0009,0,47,60,0,55.7,,57.0,,,49.5,8,0-0,0.62
,,150351,colorado-state-rams,,368730,,Drew Moss,,COLO STATE,68,G,2024,866,0.0073,0,0,428,438,91.3,,,,81.3,92.6,227,6-0,0.62
,,144361,colorado-state-rams,,363173,,Dylan Goffney,,COLO STATE,05,WR,2024,57,0.0005,0,41,16,0,56.7,,58.5,,,47.1,10,0-0,0.62
,,146019,colorado-state-rams,,360257,,Giles Pooler,,COLO STATE,12,QB,2024,1,0.0,1,0,0,0,60.0,,,60.0,,,0,0-0,0.62
,,128146,colorado-state-rams,,350753,,Henry Blackburn,,COLO STATE,D11,S,2024,1,0.0,0,0,1,0,60.0,,,,,60.0,0,0-0,0.62
,,146020,colorado-state-rams,,360781,,Jack Howell,,COLO STATE,D17,S,2024,1,0.0,0,0,1,0,60.0,,,,,60.0,0,0-0,0.62
,,173480,colorado-state-rams,,419453,,Jackson Brousseau,,COLO STATE,08,QB,2024,13,0.0001,0,7,6,0,44.4,46.3,,57.3,,60.0,2,0-0,0.62
,,128229,colorado-state-rams,,350582,,Jacob Gardner,,COLO STATE,75,C,2024,824,0.007,0,0,398,426,90.4,,,,88.6,88.9,208,2-0,0.62
,,191053,colorado-state-rams,,443120,,Jalen Dupree,,COLO STATE,20,HB,2024,44,0.0004,25,13,4,2,74.4,,57.5,73.7,72.7,59.8,18,0-0,0.62
,,173472,colorado-state-rams,,416171,,Jamari Person,,COLO STATE,18,WR,2024,546,0.0046,0,323,221,2,59.0,,60.9,,74.1,45.0,59,1-0,0.62
,,128160,colorado-state-rams,,350760,,James Mitchell,,COLO STATE,D91,DI,2024,1,0.0,0,0,1,0,60.0,,,,,60.0,0,0-0,0.62
,,157214,colorado-state-rams,,386420,,Jaseim Mitchell,,COLO STATE,D23,LB,2024,1,0.0,0,0,1,0,60.0,,,,,60.0,0,0-0,0.62
,,191068,colorado-state-rams,,429130,,Jordan Ross,,COLO STATE,83,WR,2024,186,0.0016,3,111,72,0,69.2,,68.0,68.4,,60.0,22,1-0,0.62
,,163339,colorado-state-rams,,386453,,Jordan Williams,,COLO STATE,13,TE,2024,13,0.0001,0,9,4,0,51.1,,52.7,,,57.2,0,0-0,0.62
,,173460,colorado-state-rams,,425507,,Justin Marshall,,COLO STATE,29,HB,2024,326,0.0028,159,132,16,19,76.9,,51.1,78.5,73.5,57.0,84,0-0,0.62
,,163325,colorado-state-rams,,393429,,Keegan Holles,,COLO STATE,33,HB,2024,36,0.0003,15,14,1,6,69.8,,55.5,71.3,65.7,60.0,15,0-0,0.62
,,109089,colorado-state-rams,,328295,,Kobe Johnson,,COLO STATE,00,HB,2024,29,0.0002,12,15,0,2,59.5,72.6,62.8,57.2,13.1,,7,1-1,0.62
,,173467,colorado-state-rams,,429115,,Lavon Brown,,COLO STATE,82,WR,2024,52,0.0004,0,38,14,0,59.3,,59.2,,,58.9,2,0-0,0.62
,,173484,colorado-state-rams,,419456,,Mason Muaau,,COLO STATE,87,TE,2024,14,0.0001,0,11,2,1,43.7,,52.9,,34.0,58.2,3,1-1,0.62
,,173475,colorado-state-rams,,429135,,Morgan Tribbett,,COLO STATE,S45,LS,2024,1,0.0,0,0,1,0,60.0,,,,,60.0,0,0-0,0.62
,,157217,colorado-state-rams,,386443,,Paddy Turner,,COLO STATE,S41,P,2024,1,0.0,1,0,0,0,60.0,,,60.0,,,0,0-0,0.62
,,128239,colorado-state-rams,,351109,,Peter Montini,,COLO STATE,44,TE,2024,229,0.0019,2,50,164,13,53.1,,58.3,62.0,50.3,48.3,47,1-0,0.62
,,152603,colorado-state-rams,,363788,,Saveyon Henderson,,COLO STATE,77,T,2024,868,0.0074,0,0,432,436,71.1,,,,80.1,62.4,190,1-0,0.62
,,173464,colorado-state-rams,,429116,,Stephon Daily,,COLO STATE,84,WR,2024,28,0.0002,0,21,7,0,67.5,,66.9,,,59.1,4,0-0,0.62
,,173498,colorado-state-rams,,429125,,Tanner Morley,,COLO STATE,74,G,2024,736,0.0062,0,0,360,376,67.0,,,,77.1,64.3,151,2-0,0.62
,,191062,colorado-state-rams,,444051,,Tommy Maher,,COLO STATE,86,WR,2024,46,0.0004,1,32,13,0,61.0,,67.0,44.8,,58.3,9,0-0,0.62
,,128232,colorado-state-rams,,350584,,Tory Horton,,COLO STATE,14,WR,2024,203,0.0017,0,102,101,0,82.3,,81.4,64.4,,66.5,34,1-1,0.62
,,146084,colorado-state-rams,,394962,,Trevyn Heil,,COLO STATE,57,C,2024,64,0.0005,0,0,42,22,81.3,,,,84.6,75.0,23,0-0,0.62
,,173490,colorado-state-rams,,406545,,Vince Brown II,,COLO STATE,10,TE,2024,660,0.0056,0,287,334,39,46.0,,54.0,,38.2,40.3,131,1-0,0.62
,,154703,new-mexico-lobos,,361769,,Andrew Henry,,NEW MEXICO,02,HB,2024,3,0.0,0,3,0,0,59.4,,57.7,,,,0,0-0,0.42
,,81883,new-mexico-lobos,,359545,,Baraka Beckett,,NEW MEXICO,56,G,2024,897,0.0076,0,0,422,475,71.7,,,,91.4,66.4,141,4-1,0.42
,,160315,new-mexico-lobos,,398543,,Brendan Durkin,,NEW MEXICO,S30,LS,2024,1,0.0,0,1,0,0,59.8,59.8,,,,,0,0-0,0.42
,,123090,new-mexico-lobos,,349453,,Caleb Medford,,NEW MEXICO,12,WR,2024,338,0.0029,0,199,139,0,65.1,,64.3,,,65.4,29,0-0,0.42
,,171556,new-mexico-lobos,,412713,,Devon Dampier,,NEW MEXICO,04,QB,2024,895,0.0076,124,473,298,0,89.9,79.1,,86.2,,60.8,355,4-0,0.42
,,144541,new-mexico-lobos,,366998,,Eli Sanders,,NEW MEXICO,06,HB,2024,460,0.0039,150,188,71,51,77.5,,48.9,84.1,73.3,61.9,95,0-0,0.42
,,176866,new-mexico-lobos,,414002,,Elvin Harris,,NEW MEXICO,70,G,2024,3,0.0,0,0,0,3,60.0,,,,71.0,,0,0-0,0.42
,,175745,new-mexico-lobos,,412744,,Evan Wysong,,NEW MEXICO,80,WR,2024,1,0.0,0,1,0,0,57.9,,59.4,,,,0,0-0,0.42
,,171557,new-mexico-lobos,,407150,,Everett Hunter,,NEW MEXICO,83,TE,2024,13,0.0001,0,8,5,0,54.0,,53.4,,,57.7,1,0-0,0.42
,,190463,new-mexico-lobos,,428191,,Hyrum Hatch,,NEW MEXICO,S25,LS,2024,9,0.0001,0,2,6,1,60.8,,63.0,,67.6,59.4,2,0-0,0.42
,,128257,new-mexico-lobos,,351642,,Isaiah Chavez,,NEW MEXICO,16,QB,2024,5,0.0,2,0,2,1,55.5,,,57.1,62.2,60.0,0,0-0,0.42
,,146134,new-mexico-lobos,,382574,,Isaiah Sillemon,,NEW MEXICO,38,TE,2024,553,0.0047,0,41,262,250,57.4,,41.6,,55.9,62.2,137,3-2,0.42
,,158641,new-mexico-lobos,,439460,,James Bailey,,NEW MEXICO,53,G,2024,7,0.0001,0,0,6,1,65.5,,,,68.8,64.9,2,0-0,0.42
,,190465,new-mexico-lobos,,436516,,James Laubstein,,NEW MEXICO,13,QB,2024,2,0.0,0,2,0,0,64.6,,,62.4,,,1,0-0,0.42
,,157190,new-mexico-lobos,,385891,,Javen Jacobs,,NEW MEXICO,21,HB,2024,182,0.0015,39,114,22,7,69.8,,58.8,78.2,76.3,46.2,35,0-0,0.42
,,128253,new-mexico-lobos,,351795,,Jer'Marques Bailey,,NEW MEXICO,77,T,2024,3,0.0,0,0,1,2,60.0,,,,66.2,60.0,0,0-0,0.42
,,184648,new-mexico-lobos,,433997,,Josh Perry,,NEW MEXICO,23,HB,2024,1,0.0,0,0,1,0,60.0,,,,,60.0,0,0-0,0.42
,,163350,new-mexico-lobos,,396170,,Justin Holaday,,NEW MEXICO,87,QB,2024,5,0.0,2,1,2,0,68.5,,59.6,64.9,,60.0,1,0-0,0.42
,,169986,new-mexico-lobos,,433995,,Lajuan Owens,,NEW MEXICO,52,T,2024,728,0.0062,0,0,346,382,66.7,,,,80.6,60.4,83,4-0,0.42
,,157246,new-mexico-lobos,,391257,,Luke Drzewiecki,,NEW MEXICO,S26,K,2024,9,0.0001,0,2,6,1,56.7,,57.9,,66.5,57.8,0,0-0,0.42
,,146110,new-mexico-lobos,,361901,,Luke Wysong,,NEW MEXICO,15,WR,2024,676,0.0057,9,366,301,0,77.8,,78.0,73.8,,58.9,92,2-0,0.42
,,184643,new-mexico-lobos,,428188,,Malik Aliane,,NEW MEXICO,51,C,2024,266,0.0023,0,2,165,99,67.8,,57.0,,75.6,65.7,36,1-0,0.42
,,171565,new-mexico-lobos,,428920,,Matthew Toilolo,,NEW MEXICO,65,T,2024,36,0.0003,0,1,31,4,56.7,,60.0,,71.4,56.2,4,0-0,0.42
,,160062,new-mexico-lobos,,381685,,McKenzie Agnello,,NEW MEXICO,66,C,2024,902,0.0077,0,1,428,473,76.6,,60.0,,73.5,75.8,133,3-0,0.42
,,156001,new-mexico-lobos,,385038,,Michael Buckley,,NEW MEXICO,84,WR,2024,122,0.001,0,78,44,0,59.0,,58.9,,,58.3,14,0-0,0.42
,,158333,new-mexico-lobos,,428192,,Moso'oipala Tuitele,,NEW MEXICO,D89,ED,2024,8,0.0001,0,3,5,0,55.1,,54.6,,,60.0,0,0-0,0.42
,,160350,new-mexico-lobos,,392593,,NaQuari Rogers,,NEW MEXICO,28,HB,2024,158,0.0013,76,36,32,14,82.0,,53.8,82.8,81.4,52.2,53,0-0,0.42
,,175742,new-mexico-lobos,,412733,,Nic Trujillo,,NEW MEXICO,07,WR,2024,374,0.0032,0,224,150,0,65.8,,65.3,,,63.0,30,0-0,0.42
,,151054,new-mexico-lobos,,391691,,Richard Pearce,,NEW MEXICO,78,G,2024,904,0.0077,0,1,428,475,71.0,,60.0,,70.6,75.0,168,9-0,0.42
,,97321,new-mexico-lobos,,336987,,Ryan Davis,,NEW MEXICO,18,WR,2024,729,0.0062,0,391,337,1,73.9,,74.8,,54.1,65.0,85,3-0,0.42
,,158219,new-mexico-lobos,,415591,,Shawn Miller,,NEW MEXICO,14,WR,2024,91,0.0008,0,55,36,0,52.4,,49.6,,,72.5,8,0-0,0.42
,,122067,new-mexico-lobos,,347970,,Sol-Jay Maiava-Peters,,NEW MEXICO,30,HB,2024,72,0.0006,23,28,18,3,62.4,,58.9,63.6,73.5,46.9,15,0-0,0.42
,,162515,new-mexico-lobos,,407700,,Tevin Shaw,,NEW MEXICO,75,T,2024,109,0.0009,0,0,40,69,52.3,,,,44.0,54.1,16,0-0,0.42
,,146130,new-mexico-lobos,,360297,,Trace Bruckler,,NEW MEXICO,05,TE,2024,565,0.0048,3,212,291,59,51.0,,51.6,74.3,72.9,46.1,116,2-0,0.42
,,128280,new-mexico-lobos,,399032,,Vincent Santos,,NEW MEXICO,88,TE,2024,118,0.001,0,6,81,31,57.8,,50.6,,53.4,60.6,27,0-0,0.42
,,169929,new-mexico-lobos,,406767,,Wallace Unamba,,NEW MEXICO,76,T,2024,699,0.0059,0,0,304,395,66.7,,,,67.5,64.8,114,3-1,0.42
,,188809,san-diego-state-aztecs,,447602,,Arthur Ban,,S DIEGO ST,90,TE,2024,11,0.0001,0,7,4,0,59.7,,54.8,,,73.7,1,0-0,0.25
,,175749,san-diego-state-aztecs,,405987,,Baylin Brooks,,S DIEGO ST,80,WR,2024,95,0.0008,0,51,44,0,52.0,,51.3,,,62.5,7,0-0,0.25
,,146150,san-diego-state-aztecs,,374242,,Brady Anderson,,S DIEGO ST,D42,LB,2024,8,0.0001,1,1,2,4,55.9,,59.5,58.5,99.9,60.0,0,0-0,0.25
,,175760,san-diego-state-aztecs,,407186,,Brady Nassar,,S DIEGO ST,D93,ED,2024,4,0.0,0,1,2,1,53.1,,60.0,,63.8,60.0,1,0-0,0.25
,,162162,san-diego-state-aztecs,,391907,,Brayden Bryant,,S DIEGO ST,55,C,2024,759,0.0064,0,0,321,438,70.2,,,,64.7,69.7,167,4-0,0.25
,,175746,san-diego-state-aztecs,,445712,,Briley Barron,,S DIEGO ST,77,G,2024,24,0.0002,0,0,13,11,65.0,,,,83.4,61.7,7,0-0,0.25
,,146165,san-diego-state-aztecs,,376532,,Cam Davis,,S DIEGO ST,29,HB,2024,52,0.0004,15,27,2,8,61.0,,58.6,64.0,29.2,59.4,13,0-0,0.25
,,158794,san-diego-state-aztecs,,386438,,Chris Johnson,,S DIEGO ST,D01,CB,2024,5,0.0,0,2,1,2,69.1,,69.8,,88.4,60.0,1,0-0,0.25
,,146145,san-diego-state-aztecs,,386440,,Christian Jones,,S DIEGO ST,70,T,2024,834,0.0071,0,0,362,472,55.6,,,,56.9,51.8,150,1-0,0.25
,,188822,san-diego-state-aztecs,,0,,Cincere Rhaney,,S DIEGO ST,20,HB,2024,1,0.0,0,0,1,0,60.0,,,,,60.0,0,0-0,0.25
,,146162,san-diego-state-aztecs,,386429,,DJ Herman,,S DIEGO ST,D56,LB,2024,5,0.0,0,1,1,3,60.3,60.6,,,89.6,60.0,0,0-0,0.25
,,159429,san-diego-state-aztecs,,386572,,Dalesean Staley,,S DIEGO ST,D09,S,2024,5,0.0,0,0,1,4,60.0,,,,99.9,60.0,0,0-0,0.25
,,184200,san-diego-state-aztecs,,430257,,Danny O'Neil,,S DIEGO ST,05,QB,2024,734,0.0062,20,414,299,1,69.6,73.5,59.5,45.8,62.2,60.2,171,3-0,0.25
,,158775,san-diego-state-aztecs,,393611,,Dean Abdullah,,S DIEGO ST,76,C,2024,67,0.0006,0,0,38,29,53.9,,,,65.0,52.2,17,0-0,0.25
,,175765,san-diego-state-aztecs,,0,,Derek Smith,,S DIEGO ST,43,WR,2024,1,0.0,0,0,1,0,60.0,,,,,60.0,0,0-0,0.25
,,99502,san-diego-state-aztecs,,336566,,Deshawn McCuin,,S DIEGO ST,D17,CB,2024,3,0.0,0,1,1,1,57.6,,58.8,,60.5,60.0,0,0-0,0.25
,,184199,san-diego-state-aztecs,,430240,,Gabe Garretson,,S DIEGO ST,88,TE,2024,12,0.0001,0,0,12,0,70.3,,,,,70.8,2,0-0,0.25
,,171574,san-diego-state-aztecs,,415623,,Gabriel Plascencia,,S DIEGO ST,S46,K,2024,3,0.0,0,1,2,0,58.6,,60.0,,,59.4,0,0-0,0.25
,,100218,san-diego-state-aztecs,,324877,,Ja'Shaun Poke,,S DIEGO ST,03,WR,2024,461,0.0039,4,258,198,1,69.9,,70.4,59.3,63.8,64.9,66,2-0,0.25
,,146144,san-diego-state-aztecs,,367871,,Jatavious Magee,,S DIEGO ST,D12,S,2024,5,0.0,0,1,1,3,57.2,,55.3,,99.9,60.0,0,0-0,0.25
,,175766,san-diego-state-aztecs,,430269,,Javance Tupou'ata-Johnson,,S DIEGO ST,06,QB,2024,103,0.0009,6,56,41,0,55.6,53.6,,60.1,,60.0,37,0-0,0.25
,,128290,san-diego-state-aztecs,,351962,,Jaylon Armstead,,S DIEGO ST,02,HB,2024,26,0.0002,13,9,2,2,66.8,,45.4,71.3,73.5,59.0,9,0-0,0.25
,,171572,san-diego-state-aztecs,,426845,,Jelani McLaughlin,,S DIEGO ST,D27,S,2024,4,0.0,0,1,1,2,55.7,,55.3,,90.2,60.0,0,0-0,0.25
,,173981,san-diego-state-aztecs,,415653,,Jerry McClure,,S DIEGO ST,85,WR,2024,8,0.0001,0,6,2,0,55.5,,56.1,,,60.0,0,0-0,0.25
,,175759,san-diego-state-aztecs,,407185,,Jordan Napier,,S DIEGO ST,19,WR,2024,387,0.0033,3,220,164,0,69.9,72.5,69.7,53.3,,67.2,54,0-0,0.25
,,158713,san-diego-state-aztecs,,406880,,Joseph Borjon,,S DIEGO ST,78,T,2024,47,0.0004,0,0,21,26,82.5,,,,86.6,77.7,5,0-0,0.25
,,158791,san-diego-state-aztecs,,386431,,Josh Hunter,,S DIEGO ST,D24,CB,2024,2,0.0,0,2,0,0,54.9,,54.7,,,,0,0-0,0.25
,,72208,san-diego-state-aztecs,,337965,,Jude Wolfe,,S DIEGO ST,18,TE,2024,421,0.0036,0,189,206,26,59.9,,57.0,,77.0,60.8,64,2-0,0.25
,,188811,san-diego-state-aztecs,,430239,,Krishna Clay,,S DIEGO ST,D40,DI,2024,1,0.0,0,1,0,0,56.9,,59.1,,,,0,0-0,0.25
,,145740,san-diego-state-aztecs,,359825,,Kyle Moretti,,S DIEGO ST,D44,LB,2024,2,0.0,0,0,2,0,60.0,,,,,59.0,1,0-0,0.25
,,163319,san-diego-state-aztecs,,386397,,Louis Brown IV,,S DIEGO ST,04,WR,2024,619,0.0053,0,346,273,0,69.0,,69.2,,,59.1,54,1-0,0.25
,,158807,san-diego-state-aztecs,,400007,,Lucky Sutton,,S DIEGO ST,07,HB,2024,12,0.0001,5,0,5,2,67.3,,,68.1,36.3,57.3,3,0-0,0.25
,,130489,san-diego-state-aztecs,,351212,,Marquez Cooper,,S DIEGO ST,15,HB,2024,748,0.0063,300,289,26,133,78.6,,64.5,79.9,63.2,50.4,184,1-0,0.25
,,128315,san-diego-state-aztecs,,352019,,Mekhi Shaw,,S DIEGO ST,83,WR,2024,427,0.0036,0,241,185,1,57.4,,57.3,,62.1,60.7,22,1-0,0.25
,,131682,san-diego-state-aztecs,,361681,,Michael Harrison,,S DIEGO ST,87,TE,2024,395,0.0034,1,218,148,28,53.4,,61.8,63.7,44.7,35.4,75,2-0,0.25
,,131907,san-diego-state-aztecs,,391495,,Myles Murao,,S DIEGO ST,53,G,2024,111,0.0009,0,0,50,61,65.1,,,,86.2,59.6,33,2-0,0.25
,,143759,san-diego-state-aztecs,,358819,,Nate Bennett,,S DIEGO ST,11,WR,2024,515,0.0044,0,297,218,0,64.8,,64.2,,,65.9,43,1-1,0.25
,,130322,san-diego-state-aztecs,,351020,,Nate Williams,,S DIEGO ST,74,T,2024,817,0.0069,0,0,356,461,74.8,,,,74.7,71.7,134,4-0,0.25
,,174198,san-diego-state-aztecs,,415614,,Owen Chambliss,,S DIEGO ST,D05,LB,2024,1,0.0,0,1,0,0,79.5,,87.7,,,,1,0-0,0.25
,,146155,san-diego-state-aztecs,,385068,,Ross Ulugalu-Maseuli,,S DIEGO ST,63,G,2024,828,0.007,0,0,358,470,70.8,,,,75.1,68.5,165,4-0,0.25
,,158785,san-diego-state-aztecs,,434169,,Ryan Dirksen,,S DIEGO ST,75,T,2024,11,0.0001,0,0,10,1,57.5,,,,63.9,56.0,1,0-0,0.25
,,175763,san-diego-state-aztecs,,430262,,Ryan Silver,,S DIEGO ST,68,G,2024,33,0.0003,0,0,21,12,57.2,,,,21.0,61.0,12,0-0,0.25
,,146152,san-diego-state-aztecs,,360934,,Ryan Wintermeyer,,S DIEGO ST,S50,LS,2024,9,0.0001,0,0,4,5,60.0,,,,99.9,60.0,1,0-0,0.25
,,184198,san-diego-state-aztecs,,445036,,Saipale Fuimaono,,S DIEGO ST,57,G,2024,225,0.0019,0,0,89,136,49.8,,,,33.0,51.6,57,4-1,0.25
,,164058,san-diego-state-aztecs,,394090,,Sam Benjamin,,S DIEGO ST,D90,DI,2024,2,0.0,0,0,2,0,60.0,,,,,60.0,0,0-0,0.25
,,158810,san-diego-state-aztecs,,400153,,Trey White,,S DIEGO ST,D47,ED,2024,4,0.0,1,0,0,3,67.3,,,62.7,89.6,,1,0-0,0.25
,,188817,san-diego-state-aztecs,,430252,,Tyler McMahan,,S DIEGO ST,65,G,2024,447,0.0038,0,0,205,242,60.1,,,,68.6,58.5,92,6-1,0.25
,,142259,san-diego-state-aztecs,,353317,,Tyler Pastula,,S DIEGO ST,S13,P,2024,9,0.0001,1,4,3,1,69.3,71.6,,60.0,63.8,60.0,3,0-0,0.25
,,71391,san-diego-state-aztecs,,351059,,William Nimmo Jr.,,S DIEGO ST,D07,S,2024,1,0.0,0,0,0,1,60.0,,,,63.8,,0,0-0,0.25
,,101173,san-diego-state-aztecs,,350684,,Wyatt Draeger,,S DIEGO ST,D45,DI,2024,2,0.0,0,0,2,0,59.5,,,,,57.4,0,0-0,0.25
